panel,feature_x,feature_y,fixed_x_position,fixed_x,y_low,y_high,prediction_at_y_low,prediction_at_y_high,difference_high_minus_low,range_across_y,surface_min,surface_max,x_low_mean_over_y,x_high_mean_over_y,y_low_mean_over_x,y_high_mean_over_x,background_rows
a,forest_frac_slope_2000_2025,mndwi_slope_2000_2025,5th percentile,-0.009234323892076339,-0.00524693401924186,-9.401585321801976e-05,0.0025526448152959347,0.008927120827138424,0.006374476011842489,0.006502887699753046,0.0025526448152959347,0.02821960486471653,0.007068340183894445,0.02672563902125126,0.014050932765779336,0.01952976681201196,1200
a,forest_frac_slope_2000_2025,mndwi_slope_2000_2025,50th grid percentile,-0.0016471284363149888,-0.00524693401924186,-9.401585321801976e-05,0.013516136445105076,0.01947077549993992,0.005954639054834843,0.006736692972481251,0.0025526448152959347,0.02821960486471653,0.007068340183894445,0.02672563902125126,0.014050932765779336,0.01952976681201196,1200
a,forest_frac_slope_2000_2025,mndwi_slope_2000_2025,95th percentile,0.005940067019446362,-0.00524693401924186,-9.401585321801976e-05,0.023286694660782814,0.027576837688684464,0.0042901430279016495,0.004890419542789459,0.0025526448152959347,0.02821960486471653,0.007068340183894445,0.02672563902125126,0.014050932765779336,0.01952976681201196,1200
b,forest_frac_slope_2000_2025,slope_mean,5th percentile,-0.009234323892076339,5.396902513599043,23.39435141837888,0.01062107179313898,0.004621211439371109,-0.005999860353767872,0.006224894896149635,0.00439763069152832,0.028189172968268394,0.0076205527591632636,0.027062559091463323,0.0204967657649299,0.017064527971897184,1200
b,forest_frac_slope_2000_2025,slope_mean,50th grid percentile,-0.0016471284363149888,5.396902513599043,23.39435141837888,0.02025577239692211,0.017621494829654694,-0.002634277567267418,0.0029572807252407074,0.00439763069152832,0.028189172968268394,0.0076205527591632636,0.027062559091463323,0.0204967657649299,0.017064527971897184,1200
b,forest_frac_slope_2000_2025,slope_mean,95th percentile,0.005940067019446362,5.396902513599043,23.39435141837888,0.02818482369184494,0.025834156200289726,-0.002350667491555214,0.0025502461940050125,0.00439763069152832,0.028189172968268394,0.0076205527591632636,0.027062559091463323,0.0204967657649299,0.017064527971897184,1200
c,mndwi_mean_2000_2025,terrain_northness_mean,5th percentile,-0.5129406710477283,-0.5583033253086033,0.5662927548702388,0.0185847170650959,0.014137319289147854,-0.004447397775948048,0.004447397775948048,0.014137319289147854,0.022938013076782227,0.016326169165351043,0.021955922018827463,0.021855350583791733,0.019464392692032383,1200
c,mndwi_mean_2000_2025,terrain_northness_mean,50th grid percentile,-0.4380744713189078,-0.5583033253086033,0.5662927548702388,0.02255646325647831,0.0206199549138546,-0.0019365083426237106,0.0019365083426237106,0.014137319289147854,0.022938013076782227,0.016326169165351043,0.021955922018827463,0.021855350583791733,0.019464392692032383,1200
c,mndwi_mean_2000_2025,terrain_northness_mean,95th percentile,-0.3632082715900873,-0.5583033253086033,0.5662927548702388,0.022722424939274788,0.021205024793744087,-0.0015174001455307007,0.0015174001455307007,0.014137319289147854,0.022938013076782227,0.016326169165351043,0.021955922018827463,0.021855350583791733,0.019464392692032383,1200
d,ssrd_wm2_slope_2000_2025,pdsi_slope_2000_2025,5th percentile,-0.1328756213188171,0.001622395706363,0.04007569676365067,0.021374352276325226,0.020391931757330894,-0.0009824205189943314,0.0017280075699090958,0.017850030213594437,0.02211993932723999,0.021680761310385495,0.020042577576709956,0.020707508912537156,0.018803590817785844,1200
d,ssrd_wm2_slope_2000_2025,pdsi_slope_2000_2025,50th grid percentile,-0.10410364344716071,0.001622395706363,0.04007569676365067,0.020454702898859978,0.018091443926095963,-0.002363258972764015,0.0026461873203516006,0.017850030213594437,0.02211993932723999,0.021680761310385495,0.020042577576709956,0.020707508912537156,0.018803590817785844,1200
d,ssrd_wm2_slope_2000_2025,pdsi_slope_2000_2025,95th percentile,-0.0753316655755043,0.001622395706363,0.04007569676365067,0.020361410453915596,0.017915058881044388,-0.002446351572871208,0.0026845280081033707,0.017850030213594437,0.02211993932723999,0.021680761310385495,0.020042577576709956,0.020707508912537156,0.018803590817785844,1200
e,forest_frac_slope_2000_2025,ssrd_wm2_slope_2000_2025,5th percentile,-0.009234323892076339,-0.1328756213188171,-0.0753316655755043,0.007638203911483288,0.006905981805175543,-0.000732222106307745,0.0010978230275213718,0.006540380883961916,0.027551785111427307,0.0069808301447731695,0.026706824488029246,0.019328109056847852,0.018142825651277856,1200
e,forest_frac_slope_2000_2025,ssrd_wm2_slope_2000_2025,50th grid percentile,-0.0016471284363149888,-0.1328756213188171,-0.0753316655755043,0.019589679315686226,0.018202273175120354,-0.0013874061405658722,0.0015483982861042023,0.006540380883961916,0.027551785111427307,0.0069808301447731695,0.026706824488029246,0.019328109056847852,0.018142825651277856,1200
e,forest_frac_slope_2000_2025,ssrd_wm2_slope_2000_2025,95th percentile,0.005940067019446362,-0.1328756213188171,-0.0753316655755043,0.027516396716237068,0.02618393301963806,-0.0013324636965990067,0.0013640932738780975,0.006540380883961916,0.027551785111427307,0.0069808301447731695,0.026706824488029246,0.019328109056847852,0.018142825651277856,1200
f,forest_frac_slope_2000_2025,pop_log_density_2000,5th percentile,-0.009234323892076339,0.0,6.4084785595039255,0.006999364588409662,0.008801496587693691,0.001802131999284029,0.001802131999284029,0.006999364588409662,0.027671540156006813,0.008110742959216601,0.02731499207637659,0.018539953908724028,0.019915629837025956,1200
f,forest_frac_slope_2000_2025,pop_log_density_2000,50th grid percentile,-0.0016471284363149888,0.0,6.4084785595039255,0.01858251541852951,0.020638156682252884,0.0020556412637233734,0.0020556412637233734,0.006999364588409662,0.027671540156006813,0.008110742959216601,0.02731499207637659,0.018539953908724028,0.019915629837025956,1200
f,forest_frac_slope_2000_2025,pop_log_density_2000,95th percentile,0.005940067019446362,0.0,6.4084785595039255,0.026867037639021873,0.027548784390091896,0.0006817467510700226,0.000767173245549202,0.006999364588409662,0.027671540156006813,0.008110742959216601,0.02731499207637659,0.018539953908724028,0.019915629837025956,1200
