stage,year,component,n,mean,median,q25,q75
raw,2000,kndvi_mean,38281,0.39572203820784246,0.4073681518414219,0.3155880333062371,0.4864962929777825
raw,2000,nbr_mean,38281,0.5256877631073323,0.5417216929950112,0.4554087925123242,0.6078354241479904
raw,2000,ndmi_mean,38281,0.22252408875253257,0.2304043338705276,0.1702710464185077,0.2807302192956968
raw,2000,bsi_mean,38281,-0.15503438343312348,-0.1628343536037854,-0.2219332326369139,-0.0934532065868663
raw,2001,kndvi_mean,38281,0.3928332759848296,0.4077928911342296,0.3155850927486075,0.4806430230426551
raw,2001,nbr_mean,38281,0.5285557224539935,0.5484254545131807,0.4581603750327228,0.6108553465721152
raw,2001,ndmi_mean,38281,0.2253735703939166,0.2359151871919486,0.170880656473616,0.2857236744429601
raw,2001,bsi_mean,38281,-0.15903496000044035,-0.1700976391936256,-0.22707745968157,-0.0957550126694027
raw,2002,kndvi_mean,38281,0.3648379350927836,0.3661540977688672,0.2771734027363359,0.4584066904970437
raw,2002,nbr_mean,38281,0.5149255936910572,0.5318024757013329,0.4366250130715479,0.6036810668149352
raw,2002,ndmi_mean,38281,0.21617094931115186,0.2242638496917454,0.1530147239095516,0.2838766815085797
raw,2002,bsi_mean,38281,-0.1492417676933692,-0.1561159460316601,-0.2224456402721019,-0.07935807984431
raw,2003,kndvi_mean,38281,0.3418801602528559,0.3520127432301663,0.2494743143598696,0.4405503493513192
raw,2003,nbr_mean,38281,0.49892436339920737,0.5279929382618702,0.4044047767153035,0.6062755785459428
raw,2003,ndmi_mean,38281,0.20064034198534592,0.2180824062899729,0.1243544978757689,0.2818173978925672
raw,2003,bsi_mean,38281,-0.1353200084237987,-0.1507280477297407,-0.2198036056372645,-0.054718767762816
raw,2004,kndvi_mean,38281,0.33267171087516134,0.3367155219838064,0.2378177022494532,0.4316262711985761
raw,2004,nbr_mean,38281,0.48587312868229887,0.5070297865371681,0.3818248993421846,0.5992992780101833
raw,2004,ndmi_mean,38281,0.1964038340656734,0.2066080044918935,0.1152570412856718,0.2804449106247708
raw,2004,bsi_mean,38281,-0.12841263516258855,-0.1366986145229436,-0.2154985717734606,-0.0433371603090953
raw,2005,kndvi_mean,38281,0.37479683772725725,0.3817667925344572,0.2902948024389672,0.4653125446312101
raw,2005,nbr_mean,38281,0.5258457699964328,0.5397315024234194,0.4521254444206368,0.6095193480097395
raw,2005,ndmi_mean,38281,0.2272805052302126,0.2337986278396444,0.1718253598132172,0.2875578799761261
raw,2005,bsi_mean,38281,-0.15920927931398482,-0.1654744013619736,-0.2277092926915299,-0.0949581612848027
raw,2006,kndvi_mean,38281,0.39137721288563476,0.4044927061183362,0.3027778832132025,0.4843788208937174
raw,2006,nbr_mean,38281,0.535753634910815,0.5593166250281589,0.4522457399555157,0.6280255632906973
raw,2006,ndmi_mean,38281,0.2360572539368927,0.2495250986267208,0.1701388453968314,0.305646295796058
raw,2006,bsi_mean,38281,-0.17201098317290422,-0.185610258390424,-0.2485705031331929,-0.0979258346369424
raw,2007,kndvi_mean,38281,0.3727342980152139,0.3851036900555908,0.2885797616578773,0.4628513516956793
raw,2007,nbr_mean,38281,0.5240844309883451,0.5471097515150619,0.4411287841731212,0.6164406391196224
raw,2007,ndmi_mean,38281,0.2241527096794335,0.2375870501662483,0.1580810378001856,0.2931336831894276
raw,2007,bsi_mean,38281,-0.15937983402528544,-0.1719210281416204,-0.2336925215289207,-0.0876133424220074
raw,2008,kndvi_mean,38281,0.38573059617126787,0.3971769860778259,0.3133044436025323,0.4687281632540078
raw,2008,nbr_mean,38281,0.5134183616966255,0.5297527111952287,0.4413952336043016,0.595832496911865
raw,2008,ndmi_mean,38281,0.21697237833798594,0.2227271051901361,0.1595186010569923,0.2780133638699152
raw,2008,bsi_mean,38281,-0.15269943912562847,-0.1599878619587866,-0.2178315186363962,-0.0900041345015034
raw,2009,kndvi_mean,38281,0.35445404560262733,0.3621604752715222,0.2741735294870336,0.4443889003001283
raw,2009,nbr_mean,38281,0.49464673220618766,0.5164751714930074,0.4035719922529848,0.5970096762186209
raw,2009,ndmi_mean,38281,0.19911096467712583,0.2095758118024225,0.1252109724682142,0.2758673364789485
raw,2009,bsi_mean,38281,-0.13479687817992742,-0.1445232259583971,-0.2127830230010628,-0.0590430728161755
raw,2010,kndvi_mean,38281,0.38365820982823967,0.3940528585495522,0.3097532565156936,0.4685455347454942
raw,2010,nbr_mean,38281,0.5184523222479114,0.5368991889455489,0.4483218080174738,0.6025307985477265
raw,2010,ndmi_mean,38281,0.2167637056734074,0.2257360384743778,0.159392691276014,0.2789649696944074
raw,2010,bsi_mean,38281,-0.15313169931379975,-0.1620115152825239,-0.2196836140474505,-0.0913335082528666
raw,2011,kndvi_mean,38281,0.37813392884892066,0.3809915374449589,0.3032140313627603,0.4640638238553278
raw,2011,nbr_mean,38281,0.5245977512960099,0.5359786608158617,0.4498444078248341,0.6103226660765338
raw,2011,ndmi_mean,38281,0.22432575519489728,0.2276486780200276,0.1632468174219557,0.288640485114014
raw,2011,bsi_mean,38281,-0.16176986675488103,-0.1642765599732969,-0.2302497083792082,-0.0967566605576096
raw,2012,kndvi_mean,38281,0.44714470323312033,0.4647154062487059,0.3755597646595733,0.5332124898083971
raw,2012,nbr_mean,38281,0.557671259829224,0.5779103166637202,0.4925909909547009,0.6384371855552331
raw,2012,ndmi_mean,38281,0.255693549771249,0.2665573918569472,0.2018669937754375,0.3173616502795864
raw,2012,bsi_mean,38281,-0.1984806795543977,-0.209862058817823,-0.2670225855163319,-0.1367878126258585
raw,2013,kndvi_mean,38281,0.45661365957993394,0.4761423531639879,0.3882624329703175,0.5420870467955172
raw,2013,nbr_mean,38281,0.5587656370647184,0.5798100273937192,0.491034186568107,0.6432175491904444
raw,2013,ndmi_mean,38281,0.26502922386080585,0.2766479102625868,0.2079314035775575,0.3301770875524004
raw,2013,bsi_mean,38281,-0.20230688638369265,-0.2142303105706352,-0.27463846677038,-0.1370446732043865
raw,2014,kndvi_mean,38281,0.4381848800836689,0.4546762804496078,0.3675337512253515,0.5250778739120056
raw,2014,nbr_mean,38281,0.5554543164755202,0.5771285694247262,0.4822530410622058,0.6449019630831869
raw,2014,ndmi_mean,38281,0.26581509280992205,0.2773985603629039,0.2019383220320024,0.3367236812578788
raw,2014,bsi_mean,38281,-0.20044564004898557,-0.2114871805106126,-0.276552333680354,-0.1300798276028836
raw,2015,kndvi_mean,38281,0.4610446262092123,0.4777876168789153,0.3970663205895803,0.5423506680826815
raw,2015,nbr_mean,38281,0.5567909098383454,0.5745927033603718,0.4912681553810853,0.6372298388608499
raw,2015,ndmi_mean,38281,0.26159157142309214,0.2712338275546319,0.206000210664769,0.3247702699167902
raw,2015,bsi_mean,38281,-0.20099417459893884,-0.2108634552322969,-0.2700849201348888,-0.1386043962700841
raw,2016,kndvi_mean,38281,0.4521642285362997,0.4736059261697075,0.3855381789935146,0.538460616495506
raw,2016,nbr_mean,38281,0.5378083307742273,0.5568604257698818,0.4699966829824114,0.6222936265081306
raw,2016,ndmi_mean,38281,0.24451269349277283,0.2539822057365506,0.1863270233778824,0.3103619807909634
raw,2016,bsi_mean,38281,-0.18560884928261526,-0.1963118607856685,-0.2571879306063178,-0.1214840353837794
raw,2017,kndvi_mean,38281,0.4653436932745502,0.4883886578464478,0.397800522217085,0.5531875745540744
raw,2017,nbr_mean,38281,0.5661436753730437,0.5898986755071786,0.496992383523841,0.6544268767696059
raw,2017,ndmi_mean,38281,0.2748538775649326,0.2880528563685889,0.2127486534619958,0.345274738331153
raw,2017,bsi_mean,38281,-0.2136509835908273,-0.2272290821778254,-0.2903083666377889,-0.145226169337434
raw,2018,kndvi_mean,38281,0.4520213332518187,0.4734992974977508,0.3777745518588904,0.5440294174815041
raw,2018,nbr_mean,38281,0.5542476585398937,0.5771031889758442,0.4790942987288875,0.6464294461786328
raw,2018,ndmi_mean,38281,0.26834208555521055,0.280651548142121,0.2020732811348368,0.3420922463433833
raw,2018,bsi_mean,38281,-0.20299800684026784,-0.2154740052280088,-0.2837981605014156,-0.1294234879656459
raw,2019,kndvi_mean,38281,0.4642877804531645,0.4894433690950611,0.3971502706322895,0.5532791280946604
raw,2019,nbr_mean,38281,0.5676248909545345,0.593696024367922,0.4989735248926031,0.6574624471809722
raw,2019,ndmi_mean,38281,0.27751828146528473,0.2921972591042931,0.2158140954919366,0.3493275339320399
raw,2019,bsi_mean,38281,-0.21377716586621565,-0.2290118506269153,-0.2919318470429538,-0.1453202335594551
raw,2020,kndvi_mean,38281,0.44277616630105676,0.4631857049001132,0.3744165996580473,0.5287191825081782
raw,2020,nbr_mean,38281,0.55364028781165,0.5754650314313984,0.4816958034864725,0.6435272648342637
raw,2020,ndmi_mean,38281,0.2657491627525627,0.277650125669534,0.2037050300922697,0.3365929725846729
raw,2020,bsi_mean,38281,-0.1998485318085719,-0.2121011543094678,-0.2753129537342664,-0.1320878271129092
raw,2021,kndvi_mean,38281,0.44734697562307063,0.4758775474072159,0.3731172335136333,0.540821566387663
raw,2021,nbr_mean,38281,0.5457677870037737,0.5767991822313928,0.4641222050493025,0.6459330824639038
raw,2021,ndmi_mean,38281,0.2532612546777615,0.2713505688131569,0.1796728037935538,0.3342734874165619
raw,2021,bsi_mean,38281,-0.19354318558098463,-0.2121902888398158,-0.2787714250874168,-0.1155324174281585
raw,2022,kndvi_mean,38281,0.48050563299233084,0.5052093815641323,0.4169535200017524,0.5657085680884981
raw,2022,nbr_mean,38281,0.5841261596482957,0.6099816123150265,0.514755253498323,0.6739631518407043
raw,2022,ndmi_mean,38281,0.2930530927962415,0.3076628433877708,0.2298537142499906,0.3655325772542324
raw,2022,bsi_mean,38281,-0.23067045791836052,-0.2459440998938078,-0.3088104118556771,-0.1609233133556772
raw,2023,kndvi_mean,38281,0.45377486961735564,0.4771722498822773,0.3906275302301508,0.537327379582971
raw,2023,nbr_mean,38281,0.5522331438357898,0.5768843073390651,0.4843140693788669,0.6401055882096173
raw,2023,ndmi_mean,38281,0.26530200962854805,0.2795365795218142,0.2034905592501226,0.3357443125003302
raw,2023,bsi_mean,38281,-0.20409779200709527,-0.218536001478151,-0.2777202998039799,-0.1381971526679156
raw,2024,kndvi_mean,38281,0.49087351441686433,0.5158322426147564,0.4386676920799434,0.5671431390965187
raw,2024,nbr_mean,38281,0.5815391727257133,0.6043815720563799,0.524914381144602,0.6607581137015422
raw,2024,ndmi_mean,38281,0.29244918628848365,0.3050027539652512,0.2411183663286818,0.3551785967776526
raw,2024,bsi_mean,38281,-0.2335891244426421,-0.2478370526883316,-0.3016365072893748,-0.1766708484279985
raw,2025,kndvi_mean,38281,0.46615879541108685,0.4924972440825044,0.4021919895863157,0.5521621080561283
raw,2025,nbr_mean,38281,0.5595565216382378,0.5876879213857924,0.490870286111269,0.6508469187241909
raw,2025,ndmi_mean,38281,0.2709574917890124,0.2879829412033453,0.2077826348769452,0.3449948418088089
raw,2025,bsi_mean,38281,-0.21043234412761055,-0.2277073086265063,-0.2887944546849462,-0.1419957320607129
raw,pooled_cell_years,kndvi_mean,995306,0.4187335041721602,0.4351524664334824,0.3375364520163917,0.5152795179485767
raw,pooled_cell_years,nbr_mean,995306,0.5393128971611225,0.5608936745275988,0.464896726440562,0.6300379266322724
raw,pooled_cell_years,ndmi_mean,995306,0.24461171658132522,0.25481316905866447,0.18112218468354974,0.31478973761092266
raw,pooled_cell_years,bsi_mean,995306,-0.18117252140965143,-0.19122492437088173,-0.2568612429324404,-0.11141220087409634
scaled_ECI_components,2000,kndvi_mean,38281,0.5503009449704344,0.5748915143815249,0.37398505628399287,0.7481028244699232
scaled_ECI_components,2000,nbr_mean,38281,0.593149224904958,0.6277456855213595,0.43530876146072706,0.7751480203994802
scaled_ECI_components,2000,ndmi_mean,38281,0.5057941403797902,0.5267277593736469,0.35845563054207197,0.6675556474644833
scaled_ECI_components,2000,bsi_mean,38281,0.490360094666969,0.5098661790560688,0.32399059340171976,0.6681950511503786
scaled_ECI_components,2001,kndvi_mean,38281,0.5439741069132855,0.575821267668999,0.3739786194104345,0.7352900307001656
scaled_ECI_components,2001,nbr_mean,38281,0.5996249270207051,0.6426919014285788,0.441443488408418,0.7818810183517024
scaled_ECI_components,2001,ndmi_mean,38281,0.5138719965608105,0.5421488856643719,0.360161514023198,0.6815289285448736
scaled_ECI_components,2001,bsi_mean,38281,0.5009583703171245,0.5293248868006543,0.3301572477746991,0.6819766943744554
scaled_ECI_components,2002,kndvi_mean,38281,0.48326321388357296,0.48467404942605263,0.2898955226235482,0.6866147523924236
scaled_ECI_components,2002,nbr_mean,38281,0.5694980789747733,0.6056305248164152,0.39342982195571774,0.7658857694248157
scaled_ECI_components,2002,ndmi_mean,38281,0.48841521706530555,0.5095447250077854,0.3101669330930398,0.6763604528773317
scaled_ECI_components,2002,bsi_mean,38281,0.4751076758875512,0.49186722695127183,0.28622903927944443,0.6695678170007486
scaled_ECI_components,2003,kndvi_mean,38281,0.43565932955058406,0.45371865845014425,0.2292622849783713,0.6475272646943833
scaled_ECI_components,2003,nbr_mean,38281,0.5376450470095804,0.5971370590326873,0.3215939417775754,0.7716703028394295
scaled_ECI_components,2003,ndmi_mean,38281,0.4506657721968879,0.49224707366454074,0.22996647421497218,0.6705979201335349
scaled_ECI_components,2003,bsi_mean,38281,0.4420808648620473,0.47743277616205204,0.2202190818172084,0.6624896732083188
scaled_ECI_components,2004,kndvi_mean,38281,0.41550677241363404,0.4202330780391504,0.2037459891847156,0.6279924791431328
scaled_ECI_components,2004,nbr_mean,38281,0.5087524323514534,0.5503991506324571,0.2712515002300242,0.7561164538908198
scaled_ECI_components,2004,ndmi_mean,38281,0.4376639831454891,0.46013803556858984,0.20450888737357525,0.6667572627517044
scaled_ECI_components,2004,bsi_mean,38281,0.4232228614707611,0.43984721832922946,0.18972718247411535,0.6509562707625329
scaled_ECI_components,2005,kndvi_mean,38281,0.5049761227926796,0.5188502006097111,0.31861823492345726,0.7017316504350176
scaled_ECI_components,2005,nbr_mean,38281,0.5932634832928192,0.6233085023222105,0.42798844892515875,0.7789023737637527
scaled_ECI_components,2005,ndmi_mean,38281,0.5186573777755912,0.5362260771318301,0.36280509545379636,0.6866616209829306
scaled_ECI_components,2005,bsi_mean,38281,0.5011636704846795,0.516938999905932,0.3280224428001446,0.6836694068159692
scaled_ECI_components,2006,kndvi_mean,38281,0.5413925521780202,0.5685971706293389,0.345943668628749,0.7434676831853014
scaled_ECI_components,2006,nbr_mean,38281,0.6157139164992811,0.6669740578802978,0.4282566510430446,0.8201624765381429
scaled_ECI_components,2006,ndmi_mean,38281,0.5433364533852597,0.5802337612362526,0.35808568989365935,0.7372787810648452
scaled_ECI_components,2006,bsi_mean,38281,0.5355469414165492,0.5708839745674601,0.3359729891095803,0.7395576397873433
scaled_ECI_components,2007,kndvi_mean,38281,0.501044654971281,0.5261546612347906,0.31486401479037357,0.6963441050356007
scaled_ECI_components,2007,nbr_mean,38281,0.5903694327022533,0.6397585063448843,0.40347110028854094,0.7943335777235968
scaled_ECI_components,2007,ndmi_mean,38281,0.5105698986178341,0.5468272918137873,0.3243440961890402,0.7022644977988175
scaled_ECI_components,2007,bsi_mean,38281,0.5020924146993921,0.5342098375856499,0.30834530331275245,0.6996987780799353
scaled_ECI_components,2008,kndvi_mean,38281,0.5292555316784521,0.5525830771063652,0.3689862839306597,0.7092084313617625
scaled_ECI_components,2008,nbr_mean,38281,0.5666993244308807,0.601060519934208,0.40406515643388335,0.7483871725525598
scaled_ECI_components,2008,ndmi_mean,38281,0.49035683782988043,0.505244423465776,0.3283668569560435,0.6599530189438214
scaled_ECI_components,2008,bsi_mean,38281,0.4841609415312488,0.5022402846406112,0.3147503556513327,0.6572063528538954
scaled_ECI_components,2009,kndvi_mean,38281,0.46196396726785577,0.47593201941208374,0.28332880731659627,0.6559298434626434
scaled_ECI_components,2009,nbr_mean,38281,0.5278030893395693,0.5714578894456066,0.3197372265074606,0.7510117253551315
scaled_ECI_components,2009,ndmi_mean,38281,0.4437590511244969,0.46844290754990453,0.23236316345428773,0.6539477494348664
scaled_ECI_components,2009,bsi_mean,38281,0.4383789011416547,0.4608097462725621,0.2318041127499667,0.643681178894719
scaled_ECI_components,2010,kndvi_mean,38281,0.5251321765660023,0.5457443694824493,0.3612127439631236,0.7088086579971309
scaled_ECI_components,2010,nbr_mean,38281,0.5784132565200614,0.6169937835419489,0.41950813965995737,0.7633212155058962
scaled_ECI_components,2010,ndmi_mean,38281,0.4902337156610302,0.5136643790462109,0.328014521206849,0.6626159157299584
scaled_ECI_components,2010,bsi_mean,38281,0.48542789754403964,0.5076617537699601,0.3183118148547659,0.6621682096985725
scaled_ECI_components,2011,kndvi_mean,38281,0.5128605087724506,0.5171531690887343,0.3468983958761306,0.6989982036685575
scaled_ECI_components,2011,nbr_mean,38281,0.5916023095171037,0.6149414414146694,0.4229028167228896,0.7806933929156029
scaled_ECI_components,2011,ndmi_mean,38281,0.5106833473242286,0.5190165548821113,0.338799596143597,0.6896910956542058
scaled_ECI_components,2011,bsi_mean,38281,0.5080679939514181,0.5137299225237577,0.3328407128923123,0.6904753083332438
scaled_ECI_components,2012,kndvi_mean,38281,0.6620326254622702,0.700424515956029,0.5052630315630998,0.8503644666514799
scaled_ECI_components,2012,nbr_mean,38281,0.6649342641478488,0.7084291915308816,0.5182074690472973,0.8433754673177815
scaled_ECI_components,2012,ndmi_mean,38281,0.5979423158993309,0.6278955532681724,0.44687117456904923,0.7700620816707338
scaled_ECI_components,2012,bsi_mean,38281,0.6057105613007551,0.6358557688002062,0.4400861845373627,0.7889916974092486
scaled_ECI_components,2013,kndvi_mean,38281,0.6826239687521719,0.7254380751914937,0.5330691418561587,0.869790850490628
scaled_ECI_components,2013,nbr_mean,38281,0.6675215894837242,0.7126646474991273,0.5147365319585788,0.854033416114623
scaled_ECI_components,2013,ndmi_mean,38281,0.6238794059640134,0.6561320439886564,0.463841328551135,0.8059237649942103
scaled_ECI_components,2013,bsi_mean,38281,0.6155807858991247,0.6475585351531696,0.44077432695815266,0.8093950266886704
scaled_ECI_components,2014,kndvi_mean,38281,0.6435978654994019,0.6784488937964306,0.4876941075145374,0.8325578120751799
scaled_ECI_components,2014,nbr_mean,38281,0.6600542202267444,0.7066862651175227,0.49515873279490197,0.857788862016124
scaled_ECI_components,2014,ndmi_mean,38281,0.625466931384957,0.6582326025268667,0.44707077379414734,0.824243223418884
scaled_ECI_components,2014,bsi_mean,38281,0.6101647931474411,0.6402095516273076,0.42211515496643315,0.8145223724886632
scaled_ECI_components,2015,kndvi_mean,38281,0.6930151991702326,0.7290395534950517,0.5523408306195234,0.8703679168523694
scaled_ECI_components,2015,nbr_mean,38281,0.6634289758618145,0.7010324837879057,0.5152581716954417,0.8406836555162713
scaled_ECI_components,2015,ndmi_mean,38281,0.6143984752322662,0.640981712757145,0.45843723447298146,0.7907937637536465
scaled_ECI_components,2015,bsi_mean,38281,0.612395204255213,0.638538560207029,0.44495290357096706,0.7971958460168673
scaled_ECI_components,2016,kndvi_mean,38281,0.6741071220000568,0.7198858426189404,0.5271057564719074,0.8618526033109458
scaled_ECI_components,2016,nbr_mean,38281,0.6221969971245679,0.6614978958292073,0.46783285409228076,0.8073829699153944
scaled_ECI_components,2016,ndmi_mean,38281,0.567244680193235,0.5927061693413281,0.40338537807301195,0.7504747726132034
scaled_ECI_components,2016,bsi_mean,38281,0.5716874140585665,0.5995541061259796,0.39908659488080256,0.7626441618076605
scaled_ECI_components,2017,kndvi_mean,38281,0.7023119793864591,0.7522452066029992,0.5539479962112182,0.8940898789793535
scaled_ECI_components,2017,nbr_mean,38281,0.6841254943107514,0.7351575587560446,0.5280204916992072,0.8790249122647789
scaled_ECI_components,2017,ndmi_mean,38281,0.6505932239219,0.6880467228925435,0.4773215310731554,0.8481718100378718
scaled_ECI_components,2017,bsi_mean,38281,0.6451849808897911,0.6823828986749259,0.46269296697268214,0.8513754772898886
scaled_ECI_components,2018,kndvi_mean,38281,0.6739873070374507,0.7196524327132184,0.5101111954002817,0.8740426952372057
scaled_ECI_components,2018,nbr_mean,38281,0.6585168985478236,0.7066296787267652,0.48811623213596733,0.8611944265006728
scaled_ECI_components,2018,ndmi_mean,38281,0.6329225642933807,0.667335500470185,0.44744843243383614,0.8392661818165854
scaled_ECI_components,2018,bsi_mean,38281,0.6175843206563084,0.6508904557505348,0.4203567880367257,0.8339343073127788
scaled_ECI_components,2019,kndvi_mean,38281,0.7007010476248073,0.7545539669822231,0.5525245970605243,0.8942902894588668
scaled_ECI_components,2019,nbr_mean,38281,0.6877171527385161,0.7436238497769702,0.5324374994582075,0.8857927978237862
scaled_ECI_components,2019,ndmi_mean,38281,0.6570633983185086,0.6996440843644036,0.4858996161578848,0.8595128255116162
scaled_ECI_components,2019,bsi_mean,38281,0.6451935093229058,0.6871590250984321,0.46294496975887167,0.8557248630248173
scaled_ECI_components,2020,kndvi_mean,38281,0.6543061680678097,0.6970760033936381,0.5027606461321025,0.8405286278092725
scaled_ECI_components,2020,nbr_mean,38281,0.6570316555110319,0.7029773625930592,0.4939163566906877,0.8547239354402018
scaled_ECI_components,2020,ndmi_mean,38281,0.6255772809884742,0.6589365625377108,0.45201458676233547,0.82387745883775
scaled_ECI_components,2020,bsi_mean,38281,0.6092788777685808,0.6418544183432009,0.4274946867408017,0.8112020112200451
scaled_ECI_components,2021,kndvi_mean,38281,0.6645519418572083,0.7248584160286381,0.49991633677608455,0.8670207169302061
scaled_ECI_components,2021,nbr_mean,38281,0.6401931021532612,0.705951887545276,0.4547355481555363,0.860087770300457
scaled_ECI_components,2021,ndmi_mean,38281,0.5910563212043409,0.6413083920545334,0.384764748092302,0.8173867991121738
scaled_ECI_components,2021,bsi_mean,38281,0.5925127148588151,0.6420932142372271,0.3831419107604578,0.8204674300820143
scaled_ECI_components,2022,kndvi_mean,38281,0.7350048663185749,0.7890657302489958,0.5958738621643358,0.9214983036252511
scaled_ECI_components,2022,nbr_mean,38281,0.7216647678575073,0.7799330044170498,0.5676232861976254,0.9225815609379248
scaled_ECI_components,2022,ndmi_mean,38281,0.6971734691216053,0.7429217247741584,0.5251869499542696,0.9048597082977765
scaled_ECI_components,2022,bsi_mean,38281,0.6868670590465059,0.7325213732902481,0.5047464060255145,0.9009433878613233
scaled_ECI_components,2023,kndvi_mean,38281,0.678392050156086,0.7276925166236919,0.538246334053259,0.8593719504428031
scaled_ECI_components,2023,nbr_mean,38281,0.6549894687887227,0.7061416762534435,0.499753850644518,0.8470952157344006
scaled_ECI_components,2023,ndmi_mean,38281,0.6248036385448932,0.6642154624468335,0.4514144289011976,0.821502637085976
scaled_ECI_components,2023,bsi_mean,38281,0.6207136638279559,0.6590936978521365,0.44386187745923966,0.8176514125317813
scaled_ECI_components,2024,kndvi_mean,38281,0.7570661048437933,0.8123191474661999,0.643406132468359,0.9246385761015863
scaled_ECI_components,2024,nbr_mean,38281,0.7178577738834357,0.7674475646280601,0.5902733334612023,0.8931405746265749
scaled_ECI_components,2024,ndmi_mean,38281,0.6981377015056001,0.7354779456465518,0.55670904139723,0.8758859666232538
scaled_ECI_components,2024,bsi_mean,38281,0.6968246301684144,0.7375926891220885,0.5469348452490161,0.8817241363784288
scaled_ECI_components,2025,kndvi_mean,38281,0.7042071620410404,0.7612388919637122,0.5635609076901328,0.8918451352888008
scaled_ECI_components,2025,nbr_mean,38281,0.6701574528104431,0.7302286232134457,0.5143711114989528,0.8710432998908098
scaled_ECI_components,2025,ndmi_mean,38281,0.6394218739616503,0.687851077947927,0.46342502624975973,0.8473885702440226
scaled_ECI_components,2025,bsi_mean,38281,0.6364225465757833,0.6836640914058889,0.4540384628811923,0.8473196309546422
scaled_ECI_components,pooled_cell_years,kndvi_mean,995306,0.6012013573144467,0.6357113120070697,0.42203009190037555,0.811109234505119
scaled_ECI_components,pooled_cell_years,nbr_mean,995306,0.6247278590772937,0.670490131990499,0.4564623643477814,0.8246490945220071
scaled_ECI_components,pooled_cell_years,ndmi_mean,995306,0.5672957335231062,0.5950314699047579,0.38882057836837036,0.7628650492405632
scaled_ECI_components,pooled_cell_years,bsi_mean,995306,0.5597188342211387,0.5859259473834562,0.37210364319157074,0.7617689490831836
