stage,year,method,component_a,component_b,correlation,n_records
raw,2000,pearson,kndvi_mean,nbr_mean,0.9358132076686894,38281
raw,2000,pearson,kndvi_mean,ndmi_mean,0.8836927010577305,38281
raw,2000,pearson,kndvi_mean,bsi_mean,-0.943496557685232,38281
raw,2000,pearson,nbr_mean,ndmi_mean,0.9782920630371771,38281
raw,2000,pearson,nbr_mean,bsi_mean,-0.9851128701010752,38281
raw,2000,pearson,ndmi_mean,bsi_mean,-0.9836762912808432,38281
raw,2000,spearman,kndvi_mean,nbr_mean,0.9442731424501847,38281
raw,2000,spearman,kndvi_mean,ndmi_mean,0.899740188144454,38281
raw,2000,spearman,kndvi_mean,bsi_mean,-0.9489506047497241,38281
raw,2000,spearman,nbr_mean,ndmi_mean,0.983888301470352,38281
raw,2000,spearman,nbr_mean,bsi_mean,-0.9913675115214994,38281
raw,2000,spearman,ndmi_mean,bsi_mean,-0.9859474360301487,38281
raw,2001,pearson,kndvi_mean,nbr_mean,0.9306321938027118,38281
raw,2001,pearson,kndvi_mean,ndmi_mean,0.8829355910565093,38281
raw,2001,pearson,kndvi_mean,bsi_mean,-0.9453945401798646,38281
raw,2001,pearson,nbr_mean,ndmi_mean,0.9819060403576945,38281
raw,2001,pearson,nbr_mean,bsi_mean,-0.9852313550858619,38281
raw,2001,pearson,ndmi_mean,bsi_mean,-0.9826715807554715,38281
raw,2001,spearman,kndvi_mean,nbr_mean,0.9384716572020602,38281
raw,2001,spearman,kndvi_mean,ndmi_mean,0.9015085408848795,38281
raw,2001,spearman,kndvi_mean,bsi_mean,-0.9513740559565291,38281
raw,2001,spearman,nbr_mean,ndmi_mean,0.9877495974057214,38281
raw,2001,spearman,nbr_mean,bsi_mean,-0.9916544071972446,38281
raw,2001,spearman,ndmi_mean,bsi_mean,-0.9857998374501178,38281
raw,2002,pearson,kndvi_mean,nbr_mean,0.9095919878585078,38281
raw,2002,pearson,kndvi_mean,ndmi_mean,0.8676608138339431,38281
raw,2002,pearson,kndvi_mean,bsi_mean,-0.9276601146935692,38281
raw,2002,pearson,nbr_mean,ndmi_mean,0.9823882425393963,38281
raw,2002,pearson,nbr_mean,bsi_mean,-0.9837431683359271,38281
raw,2002,pearson,ndmi_mean,bsi_mean,-0.9838298972167983,38281
raw,2002,spearman,kndvi_mean,nbr_mean,0.9218028118625676,38281
raw,2002,spearman,kndvi_mean,ndmi_mean,0.8848715286452866,38281
raw,2002,spearman,kndvi_mean,bsi_mean,-0.934218658337996,38281
raw,2002,spearman,nbr_mean,ndmi_mean,0.9884784655825116,38281
raw,2002,spearman,nbr_mean,bsi_mean,-0.9908481040203211,38281
raw,2002,spearman,ndmi_mean,bsi_mean,-0.9863302961647991,38281
raw,2003,pearson,kndvi_mean,nbr_mean,0.931767627936599,38281
raw,2003,pearson,kndvi_mean,ndmi_mean,0.8994725755692203,38281
raw,2003,pearson,kndvi_mean,bsi_mean,-0.9361594090548241,38281
raw,2003,pearson,nbr_mean,ndmi_mean,0.9873723643403735,38281
raw,2003,pearson,nbr_mean,bsi_mean,-0.9883267070998789,38281
raw,2003,pearson,ndmi_mean,bsi_mean,-0.991787321436303,38281
raw,2003,spearman,kndvi_mean,nbr_mean,0.9324450510866586,38281
raw,2003,spearman,kndvi_mean,ndmi_mean,0.9011560546769081,38281
raw,2003,spearman,kndvi_mean,bsi_mean,-0.9366891730540503,38281
raw,2003,spearman,nbr_mean,ndmi_mean,0.9916769038653918,38281
raw,2003,spearman,nbr_mean,bsi_mean,-0.9941388118126697,38281
raw,2003,spearman,ndmi_mean,bsi_mean,-0.9923755243443194,38281
raw,2004,pearson,kndvi_mean,nbr_mean,0.9461488004395615,38281
raw,2004,pearson,kndvi_mean,ndmi_mean,0.9242417337070131,38281
raw,2004,pearson,kndvi_mean,bsi_mean,-0.9539220667428192,38281
raw,2004,pearson,nbr_mean,ndmi_mean,0.9878130929002238,38281
raw,2004,pearson,nbr_mean,bsi_mean,-0.9883542951605759,38281
raw,2004,pearson,ndmi_mean,bsi_mean,-0.9937697199844531,38281
raw,2004,spearman,kndvi_mean,nbr_mean,0.9533796765943775,38281
raw,2004,spearman,kndvi_mean,ndmi_mean,0.9341335110507009,38281
raw,2004,spearman,kndvi_mean,bsi_mean,-0.9597074242068109,38281
raw,2004,spearman,nbr_mean,ndmi_mean,0.9928844896785155,38281
raw,2004,spearman,nbr_mean,bsi_mean,-0.9944163224644015,38281
raw,2004,spearman,ndmi_mean,bsi_mean,-0.9945972505377075,38281
raw,2005,pearson,kndvi_mean,nbr_mean,0.923037543480741,38281
raw,2005,pearson,kndvi_mean,ndmi_mean,0.8807239196276719,38281
raw,2005,pearson,kndvi_mean,bsi_mean,-0.9374656799415106,38281
raw,2005,pearson,nbr_mean,ndmi_mean,0.9810260358678485,38281
raw,2005,pearson,nbr_mean,bsi_mean,-0.9848840521843406,38281
raw,2005,pearson,ndmi_mean,bsi_mean,-0.9851862642773812,38281
raw,2005,spearman,kndvi_mean,nbr_mean,0.9310256066117034,38281
raw,2005,spearman,kndvi_mean,ndmi_mean,0.895997334445944,38281
raw,2005,spearman,kndvi_mean,bsi_mean,-0.944392929092541,38281
raw,2005,spearman,nbr_mean,ndmi_mean,0.9879227924842922,38281
raw,2005,spearman,nbr_mean,bsi_mean,-0.9921131581237412,38281
raw,2005,spearman,ndmi_mean,bsi_mean,-0.9867658045994732,38281
raw,2006,pearson,kndvi_mean,nbr_mean,0.9205199175522232,38281
raw,2006,pearson,kndvi_mean,ndmi_mean,0.8775203812528755,38281
raw,2006,pearson,kndvi_mean,bsi_mean,-0.930573721483731,38281
raw,2006,pearson,nbr_mean,ndmi_mean,0.9830692638246746,38281
raw,2006,pearson,nbr_mean,bsi_mean,-0.9851056452837064,38281
raw,2006,pearson,ndmi_mean,bsi_mean,-0.9871260779132691,38281
raw,2006,spearman,kndvi_mean,nbr_mean,0.9233332009112043,38281
raw,2006,spearman,kndvi_mean,ndmi_mean,0.8879981260382319,38281
raw,2006,spearman,kndvi_mean,bsi_mean,-0.9341077043011428,38281
raw,2006,spearman,nbr_mean,ndmi_mean,0.9895460030390771,38281
raw,2006,spearman,nbr_mean,bsi_mean,-0.992294345518202,38281
raw,2006,spearman,ndmi_mean,bsi_mean,-0.9887204256120369,38281
raw,2007,pearson,kndvi_mean,nbr_mean,0.931923609588483,38281
raw,2007,pearson,kndvi_mean,ndmi_mean,0.8966361749487005,38281
raw,2007,pearson,kndvi_mean,bsi_mean,-0.944255773022035,38281
raw,2007,pearson,nbr_mean,ndmi_mean,0.9835877158120576,38281
raw,2007,pearson,nbr_mean,bsi_mean,-0.985865266644049,38281
raw,2007,pearson,ndmi_mean,bsi_mean,-0.9883759759888748,38281
raw,2007,spearman,kndvi_mean,nbr_mean,0.9360139310389418,38281
raw,2007,spearman,kndvi_mean,ndmi_mean,0.9077813799536006,38281
raw,2007,spearman,kndvi_mean,bsi_mean,-0.9488918357855113,38281
raw,2007,spearman,nbr_mean,ndmi_mean,0.9903954059469937,38281
raw,2007,spearman,nbr_mean,bsi_mean,-0.9929252086976045,38281
raw,2007,spearman,ndmi_mean,bsi_mean,-0.9898182375948639,38281
raw,2008,pearson,kndvi_mean,nbr_mean,0.9062044182521297,38281
raw,2008,pearson,kndvi_mean,ndmi_mean,0.8565885251891033,38281
raw,2008,pearson,kndvi_mean,bsi_mean,-0.9233416073031795,38281
raw,2008,pearson,nbr_mean,ndmi_mean,0.9789936879521792,38281
raw,2008,pearson,nbr_mean,bsi_mean,-0.9820230814158272,38281
raw,2008,pearson,ndmi_mean,bsi_mean,-0.9831730663088403,38281
raw,2008,spearman,kndvi_mean,nbr_mean,0.9044776298509647,38281
raw,2008,spearman,kndvi_mean,ndmi_mean,0.8737414769349079,38281
raw,2008,spearman,kndvi_mean,bsi_mean,-0.9284762629248944,38281
raw,2008,spearman,nbr_mean,ndmi_mean,0.9881645980886464,38281
raw,2008,spearman,nbr_mean,bsi_mean,-0.9899054829994826,38281
raw,2008,spearman,ndmi_mean,bsi_mean,-0.9862465559276624,38281
raw,2009,pearson,kndvi_mean,nbr_mean,0.9235238274863272,38281
raw,2009,pearson,kndvi_mean,ndmi_mean,0.8873319179961089,38281
raw,2009,pearson,kndvi_mean,bsi_mean,-0.9312807751317802,38281
raw,2009,pearson,nbr_mean,ndmi_mean,0.9845300164435912,38281
raw,2009,pearson,nbr_mean,bsi_mean,-0.985381129237608,38281
raw,2009,pearson,ndmi_mean,bsi_mean,-0.9908361083758898,38281
raw,2009,spearman,kndvi_mean,nbr_mean,0.9250408058923923,38281
raw,2009,spearman,kndvi_mean,ndmi_mean,0.8990623144616715,38281
raw,2009,spearman,kndvi_mean,bsi_mean,-0.9375672123117726,38281
raw,2009,spearman,nbr_mean,ndmi_mean,0.9917991011503904,38281
raw,2009,spearman,nbr_mean,bsi_mean,-0.9930631929943323,38281
raw,2009,spearman,ndmi_mean,bsi_mean,-0.9922296927005461,38281
raw,2010,pearson,kndvi_mean,nbr_mean,0.9018315196904144,38281
raw,2010,pearson,kndvi_mean,ndmi_mean,0.8533383902583307,38281
raw,2010,pearson,kndvi_mean,bsi_mean,-0.9154392250096357,38281
raw,2010,pearson,nbr_mean,ndmi_mean,0.9807307362977252,38281
raw,2010,pearson,nbr_mean,bsi_mean,-0.9824157849744857,38281
raw,2010,pearson,ndmi_mean,bsi_mean,-0.9857453500163156,38281
raw,2010,spearman,kndvi_mean,nbr_mean,0.8977122184578636,38281
raw,2010,spearman,kndvi_mean,ndmi_mean,0.8615609465122057,38281
raw,2010,spearman,kndvi_mean,bsi_mean,-0.9179588910092799,38281
raw,2010,spearman,nbr_mean,ndmi_mean,0.9888857832127353,38281
raw,2010,spearman,nbr_mean,bsi_mean,-0.9914936049568416,38281
raw,2010,spearman,ndmi_mean,bsi_mean,-0.9870352309875277,38281
raw,2011,pearson,kndvi_mean,nbr_mean,0.8981436919815661,38281
raw,2011,pearson,kndvi_mean,ndmi_mean,0.8424453651921363,38281
raw,2011,pearson,kndvi_mean,bsi_mean,-0.9040045880021392,38281
raw,2011,pearson,nbr_mean,ndmi_mean,0.9769127174186547,38281
raw,2011,pearson,nbr_mean,bsi_mean,-0.9804770119725076,38281
raw,2011,pearson,ndmi_mean,bsi_mean,-0.9849827446622988,38281
raw,2011,spearman,kndvi_mean,nbr_mean,0.9040204338160706,38281
raw,2011,spearman,kndvi_mean,ndmi_mean,0.862434966305294,38281
raw,2011,spearman,kndvi_mean,bsi_mean,-0.911407399153574,38281
raw,2011,spearman,nbr_mean,ndmi_mean,0.9865234644994996,38281
raw,2011,spearman,nbr_mean,bsi_mean,-0.9904180975213134,38281
raw,2011,spearman,ndmi_mean,bsi_mean,-0.9878361359056942,38281
raw,2012,pearson,kndvi_mean,nbr_mean,0.9176320921417837,38281
raw,2012,pearson,kndvi_mean,ndmi_mean,0.866034929822115,38281
raw,2012,pearson,kndvi_mean,bsi_mean,-0.9280238412188381,38281
raw,2012,pearson,nbr_mean,ndmi_mean,0.9772047923037265,38281
raw,2012,pearson,nbr_mean,bsi_mean,-0.9786003689254013,38281
raw,2012,pearson,ndmi_mean,bsi_mean,-0.9825200402356281,38281
raw,2012,spearman,kndvi_mean,nbr_mean,0.9177115532989416,38281
raw,2012,spearman,kndvi_mean,ndmi_mean,0.8753213606554108,38281
raw,2012,spearman,kndvi_mean,bsi_mean,-0.9299964163184175,38281
raw,2012,spearman,nbr_mean,ndmi_mean,0.985342161765529,38281
raw,2012,spearman,nbr_mean,bsi_mean,-0.9888472687755567,38281
raw,2012,spearman,ndmi_mean,bsi_mean,-0.9839513531903123,38281
raw,2013,pearson,kndvi_mean,nbr_mean,0.9407711396023372,38281
raw,2013,pearson,kndvi_mean,ndmi_mean,0.901793586746452,38281
raw,2013,pearson,kndvi_mean,bsi_mean,-0.9509516232506077,38281
raw,2013,pearson,nbr_mean,ndmi_mean,0.9824372015841583,38281
raw,2013,pearson,nbr_mean,bsi_mean,-0.9811273594478277,38281
raw,2013,pearson,ndmi_mean,bsi_mean,-0.9857106229550745,38281
raw,2013,spearman,kndvi_mean,nbr_mean,0.9440577942534261,38281
raw,2013,spearman,kndvi_mean,ndmi_mean,0.9128973309396436,38281
raw,2013,spearman,kndvi_mean,bsi_mean,-0.9582777519156939,38281
raw,2013,spearman,nbr_mean,ndmi_mean,0.9893628063573394,38281
raw,2013,spearman,nbr_mean,bsi_mean,-0.9917095579918662,38281
raw,2013,spearman,ndmi_mean,bsi_mean,-0.9864453479629686,38281
raw,2014,pearson,kndvi_mean,nbr_mean,0.943368959592489,38281
raw,2014,pearson,kndvi_mean,ndmi_mean,0.9081673836419902,38281
raw,2014,pearson,kndvi_mean,bsi_mean,-0.9510409744692374,38281
raw,2014,pearson,nbr_mean,ndmi_mean,0.9833811542095173,38281
raw,2014,pearson,nbr_mean,bsi_mean,-0.9822940987096362,38281
raw,2014,pearson,ndmi_mean,bsi_mean,-0.988931452630358,38281
raw,2014,spearman,kndvi_mean,nbr_mean,0.9483382398065517,38281
raw,2014,spearman,kndvi_mean,ndmi_mean,0.9202008321785683,38281
raw,2014,spearman,kndvi_mean,bsi_mean,-0.9603016478254314,38281
raw,2014,spearman,nbr_mean,ndmi_mean,0.9905740283895803,38281
raw,2014,spearman,nbr_mean,bsi_mean,-0.9929900092525301,38281
raw,2014,spearman,ndmi_mean,bsi_mean,-0.9894375363344414,38281
raw,2015,pearson,kndvi_mean,nbr_mean,0.9383012701423145,38281
raw,2015,pearson,kndvi_mean,ndmi_mean,0.8926903883554499,38281
raw,2015,pearson,kndvi_mean,bsi_mean,-0.9448515615650224,38281
raw,2015,pearson,nbr_mean,ndmi_mean,0.9786658851949468,38281
raw,2015,pearson,nbr_mean,bsi_mean,-0.9785830533320354,38281
raw,2015,pearson,ndmi_mean,bsi_mean,-0.9854747799559058,38281
raw,2015,spearman,kndvi_mean,nbr_mean,0.9452248269031356,38281
raw,2015,spearman,kndvi_mean,ndmi_mean,0.9089001471210755,38281
raw,2015,spearman,kndvi_mean,bsi_mean,-0.954755448563924,38281
raw,2015,spearman,nbr_mean,ndmi_mean,0.9861368113527894,38281
raw,2015,spearman,nbr_mean,bsi_mean,-0.9900333660136872,38281
raw,2015,spearman,ndmi_mean,bsi_mean,-0.9867524094862943,38281
raw,2016,pearson,kndvi_mean,nbr_mean,0.9354391627843355,38281
raw,2016,pearson,kndvi_mean,ndmi_mean,0.8881133745301161,38281
raw,2016,pearson,kndvi_mean,bsi_mean,-0.9454814899075834,38281
raw,2016,pearson,nbr_mean,ndmi_mean,0.979939075723162,38281
raw,2016,pearson,nbr_mean,bsi_mean,-0.9788740380352967,38281
raw,2016,pearson,ndmi_mean,bsi_mean,-0.9823280328553231,38281
raw,2016,spearman,kndvi_mean,nbr_mean,0.9388763262443158,38281
raw,2016,spearman,kndvi_mean,ndmi_mean,0.9041258263760045,38281
raw,2016,spearman,kndvi_mean,bsi_mean,-0.9543513934671596,38281
raw,2016,spearman,nbr_mean,ndmi_mean,0.9887089406727848,38281
raw,2016,spearman,nbr_mean,bsi_mean,-0.9900151051839431,38281
raw,2016,spearman,ndmi_mean,bsi_mean,-0.9842412934697655,38281
raw,2017,pearson,kndvi_mean,nbr_mean,0.9483146383451336,38281
raw,2017,pearson,kndvi_mean,ndmi_mean,0.9134725344241515,38281
raw,2017,pearson,kndvi_mean,bsi_mean,-0.9550177341522396,38281
raw,2017,pearson,nbr_mean,ndmi_mean,0.9831456970163129,38281
raw,2017,pearson,nbr_mean,bsi_mean,-0.9810924903800143,38281
raw,2017,pearson,ndmi_mean,bsi_mean,-0.9884821077192764,38281
raw,2017,spearman,kndvi_mean,nbr_mean,0.9513540819301088,38281
raw,2017,spearman,kndvi_mean,ndmi_mean,0.9242185368459634,38281
raw,2017,spearman,kndvi_mean,bsi_mean,-0.962441593785341,38281
raw,2017,spearman,nbr_mean,ndmi_mean,0.9908332605361709,38281
raw,2017,spearman,nbr_mean,bsi_mean,-0.9920408678547532,38281
raw,2017,spearman,ndmi_mean,bsi_mean,-0.9889207149652384,38281
raw,2018,pearson,kndvi_mean,nbr_mean,0.9596542120012661,38281
raw,2018,pearson,kndvi_mean,ndmi_mean,0.9273231516852787,38281
raw,2018,pearson,kndvi_mean,bsi_mean,-0.9615143397361683,38281
raw,2018,pearson,nbr_mean,ndmi_mean,0.9818473022068632,38281
raw,2018,pearson,nbr_mean,bsi_mean,-0.9809408986443132,38281
raw,2018,pearson,ndmi_mean,bsi_mean,-0.9896154839254736,38281
raw,2018,spearman,kndvi_mean,nbr_mean,0.9630009415440456,38281
raw,2018,spearman,kndvi_mean,ndmi_mean,0.9365445525373339,38281
raw,2018,spearman,kndvi_mean,bsi_mean,-0.9688660850702343,38281
raw,2018,spearman,nbr_mean,ndmi_mean,0.9895813738563131,38281
raw,2018,spearman,nbr_mean,bsi_mean,-0.9924774706602516,38281
raw,2018,spearman,ndmi_mean,bsi_mean,-0.9903156223152777,38281
raw,2019,pearson,kndvi_mean,nbr_mean,0.950791476116912,38281
raw,2019,pearson,kndvi_mean,ndmi_mean,0.9130488603826233,38281
raw,2019,pearson,kndvi_mean,bsi_mean,-0.9546024581462756,38281
raw,2019,pearson,nbr_mean,ndmi_mean,0.9815716489944365,38281
raw,2019,pearson,nbr_mean,bsi_mean,-0.9810830431986556,38281
raw,2019,pearson,ndmi_mean,bsi_mean,-0.9885413593604405,38281
raw,2019,spearman,kndvi_mean,nbr_mean,0.9525289497320593,38281
raw,2019,spearman,kndvi_mean,ndmi_mean,0.9254095080248632,38281
raw,2019,spearman,kndvi_mean,bsi_mean,-0.9638625996620408,38281
raw,2019,spearman,nbr_mean,ndmi_mean,0.9897847334364517,38281
raw,2019,spearman,nbr_mean,bsi_mean,-0.9915260958024781,38281
raw,2019,spearman,ndmi_mean,bsi_mean,-0.9885038951393549,38281
raw,2020,pearson,kndvi_mean,nbr_mean,0.9525792162858215,38281
raw,2020,pearson,kndvi_mean,ndmi_mean,0.9120189550576753,38281
raw,2020,pearson,kndvi_mean,bsi_mean,-0.9533319974779952,38281
raw,2020,pearson,nbr_mean,ndmi_mean,0.979939057205751,38281
raw,2020,pearson,nbr_mean,bsi_mean,-0.9820549217964984,38281
raw,2020,pearson,ndmi_mean,bsi_mean,-0.9892773482879983,38281
raw,2020,spearman,kndvi_mean,nbr_mean,0.9580688861165516,38281
raw,2020,spearman,kndvi_mean,ndmi_mean,0.9274714346047418,38281
raw,2020,spearman,kndvi_mean,bsi_mean,-0.9637998697714218,38281
raw,2020,spearman,nbr_mean,ndmi_mean,0.9879851160243154,38281
raw,2020,spearman,nbr_mean,bsi_mean,-0.9925266288912147,38281
raw,2020,spearman,ndmi_mean,bsi_mean,-0.9896285466937645,38281
raw,2021,pearson,kndvi_mean,nbr_mean,0.9547228166226384,38281
raw,2021,pearson,kndvi_mean,ndmi_mean,0.9136259850710564,38281
raw,2021,pearson,kndvi_mean,bsi_mean,-0.94908257034052,38281
raw,2021,pearson,nbr_mean,ndmi_mean,0.9820910846889304,38281
raw,2021,pearson,nbr_mean,bsi_mean,-0.9844767206279859,38281
raw,2021,pearson,ndmi_mean,bsi_mean,-0.9924424344578316,38281
raw,2021,spearman,kndvi_mean,nbr_mean,0.9539937418108434,38281
raw,2021,spearman,kndvi_mean,ndmi_mean,0.926165828405319,38281
raw,2021,spearman,kndvi_mean,bsi_mean,-0.9598752762203673,38281
raw,2021,spearman,nbr_mean,ndmi_mean,0.990864208176759,38281
raw,2021,spearman,nbr_mean,bsi_mean,-0.9935542276331879,38281
raw,2021,spearman,ndmi_mean,bsi_mean,-0.9919538663494357,38281
raw,2022,pearson,kndvi_mean,nbr_mean,0.9596387255852381,38281
raw,2022,pearson,kndvi_mean,ndmi_mean,0.922639313616156,38281
raw,2022,pearson,kndvi_mean,bsi_mean,-0.95302141751818,38281
raw,2022,pearson,nbr_mean,ndmi_mean,0.9819685901959256,38281
raw,2022,pearson,nbr_mean,bsi_mean,-0.9835282201286764,38281
raw,2022,pearson,ndmi_mean,bsi_mean,-0.9932757302560831,38281
raw,2022,spearman,kndvi_mean,nbr_mean,0.966480685667681,38281
raw,2022,spearman,kndvi_mean,ndmi_mean,0.9426346276904655,38281
raw,2022,spearman,kndvi_mean,bsi_mean,-0.9698130767613314,38281
raw,2022,spearman,nbr_mean,ndmi_mean,0.99042868770044,38281
raw,2022,spearman,nbr_mean,bsi_mean,-0.9940231868499124,38281
raw,2022,spearman,ndmi_mean,bsi_mean,-0.993112065572655,38281
raw,2023,pearson,kndvi_mean,nbr_mean,0.9553207168495703,38281
raw,2023,pearson,kndvi_mean,ndmi_mean,0.9172476647207191,38281
raw,2023,pearson,kndvi_mean,bsi_mean,-0.9500375124184939,38281
raw,2023,pearson,nbr_mean,ndmi_mean,0.9819398824250184,38281
raw,2023,pearson,nbr_mean,bsi_mean,-0.983867737088218,38281
raw,2023,pearson,ndmi_mean,bsi_mean,-0.9928012165527265,38281
raw,2023,spearman,kndvi_mean,nbr_mean,0.9597152454131787,38281
raw,2023,spearman,kndvi_mean,ndmi_mean,0.9288857445625482,38281
raw,2023,spearman,kndvi_mean,bsi_mean,-0.9611735137395219,38281
raw,2023,spearman,nbr_mean,ndmi_mean,0.9899645698560203,38281
raw,2023,spearman,nbr_mean,bsi_mean,-0.9946985101540925,38281
raw,2023,spearman,ndmi_mean,bsi_mean,-0.99268748537838,38281
raw,2024,pearson,kndvi_mean,nbr_mean,0.9494995409769182,38281
raw,2024,pearson,kndvi_mean,ndmi_mean,0.9026391491287087,38281
raw,2024,pearson,kndvi_mean,bsi_mean,-0.9462529230523494,38281
raw,2024,pearson,nbr_mean,ndmi_mean,0.9804154830652697,38281
raw,2024,pearson,nbr_mean,bsi_mean,-0.9838487365203249,38281
raw,2024,pearson,ndmi_mean,bsi_mean,-0.9893214373828234,38281
raw,2024,spearman,kndvi_mean,nbr_mean,0.9557948897775947,38281
raw,2024,spearman,kndvi_mean,ndmi_mean,0.9162105176618529,38281
raw,2024,spearman,kndvi_mean,bsi_mean,-0.9571276559856003,38281
raw,2024,spearman,nbr_mean,ndmi_mean,0.9857514248873175,38281
raw,2024,spearman,nbr_mean,bsi_mean,-0.992741632110771,38281
raw,2024,spearman,ndmi_mean,bsi_mean,-0.9888650303674246,38281
raw,2025,pearson,kndvi_mean,nbr_mean,0.9625383223534638,38281
raw,2025,pearson,kndvi_mean,ndmi_mean,0.9269735216001054,38281
raw,2025,pearson,kndvi_mean,bsi_mean,-0.9555834026399032,38281
raw,2025,pearson,nbr_mean,ndmi_mean,0.9825782635197265,38281
raw,2025,pearson,nbr_mean,bsi_mean,-0.9847821638864135,38281
raw,2025,pearson,ndmi_mean,bsi_mean,-0.9934381166380355,38281
raw,2025,spearman,kndvi_mean,nbr_mean,0.9636759923671038,38281
raw,2025,spearman,kndvi_mean,ndmi_mean,0.9338603084138707,38281
raw,2025,spearman,kndvi_mean,bsi_mean,-0.9637992775369567,38281
raw,2025,spearman,nbr_mean,ndmi_mean,0.9887961674152389,38281
raw,2025,spearman,nbr_mean,bsi_mean,-0.9940644241416738,38281
raw,2025,spearman,ndmi_mean,bsi_mean,-0.9928902320943431,38281
raw,pooled_cell_years,pearson,kndvi_mean,nbr_mean,0.9228207008266347,995306
raw,pooled_cell_years,pearson,kndvi_mean,ndmi_mean,0.8995893039669564,995306
raw,pooled_cell_years,pearson,kndvi_mean,bsi_mean,-0.9424217367765542,995306
raw,pooled_cell_years,pearson,nbr_mean,ndmi_mean,0.9777929045090611,995306
raw,pooled_cell_years,pearson,nbr_mean,bsi_mean,-0.9788425411269985,995306
raw,pooled_cell_years,pearson,ndmi_mean,bsi_mean,-0.9888224454942759,995306
raw,pooled_cell_years,spearman,kndvi_mean,nbr_mean,0.922930242704347,995306
raw,pooled_cell_years,spearman,kndvi_mean,ndmi_mean,0.9078752268430005,995306
raw,pooled_cell_years,spearman,kndvi_mean,bsi_mean,-0.946980590935581,995306
raw,pooled_cell_years,spearman,nbr_mean,ndmi_mean,0.9853384448502717,995306
raw,pooled_cell_years,spearman,nbr_mean,bsi_mean,-0.9883949576721911,995306
raw,pooled_cell_years,spearman,ndmi_mean,bsi_mean,-0.9894711687523828,995306
scaled_ECI_components,2000,pearson,kndvi_mean,nbr_mean,0.939641731638201,38281
scaled_ECI_components,2000,pearson,kndvi_mean,ndmi_mean,0.8906745982659063,38281
scaled_ECI_components,2000,pearson,kndvi_mean,bsi_mean,0.9459982852774091,38281
scaled_ECI_components,2000,pearson,nbr_mean,ndmi_mean,0.9794653681068963,38281
scaled_ECI_components,2000,pearson,nbr_mean,bsi_mean,0.9858179628000364,38281
scaled_ECI_components,2000,pearson,ndmi_mean,bsi_mean,0.9845650439240248,38281
scaled_ECI_components,2000,spearman,kndvi_mean,nbr_mean,0.9443015472768533,38281
scaled_ECI_components,2000,spearman,kndvi_mean,ndmi_mean,0.8997744562758873,38281
scaled_ECI_components,2000,spearman,kndvi_mean,bsi_mean,0.948959139827027,38281
scaled_ECI_components,2000,spearman,nbr_mean,ndmi_mean,0.983885243137035,38281
scaled_ECI_components,2000,spearman,nbr_mean,bsi_mean,0.991363015547803,38281
scaled_ECI_components,2000,spearman,ndmi_mean,bsi_mean,0.9859448635922754,38281
scaled_ECI_components,2001,pearson,kndvi_mean,nbr_mean,0.9355575943841105,38281
scaled_ECI_components,2001,pearson,kndvi_mean,ndmi_mean,0.892644540583101,38281
scaled_ECI_components,2001,pearson,kndvi_mean,bsi_mean,0.9487994727408879,38281
scaled_ECI_components,2001,pearson,nbr_mean,ndmi_mean,0.9834321620334616,38281
scaled_ECI_components,2001,pearson,nbr_mean,bsi_mean,0.9862654824535203,38281
scaled_ECI_components,2001,pearson,ndmi_mean,bsi_mean,0.9844437276249715,38281
scaled_ECI_components,2001,spearman,kndvi_mean,nbr_mean,0.938507952271026,38281
scaled_ECI_components,2001,spearman,kndvi_mean,ndmi_mean,0.9015568138249095,38281
scaled_ECI_components,2001,spearman,kndvi_mean,bsi_mean,0.9513878874590499,38281
scaled_ECI_components,2001,spearman,nbr_mean,ndmi_mean,0.9877462639819535,38281
scaled_ECI_components,2001,spearman,nbr_mean,bsi_mean,0.9916507176764283,38281
scaled_ECI_components,2001,spearman,ndmi_mean,bsi_mean,0.9857990503343608,38281
scaled_ECI_components,2002,pearson,kndvi_mean,nbr_mean,0.9143483654832524,38281
scaled_ECI_components,2002,pearson,kndvi_mean,ndmi_mean,0.8767501592104315,38281
scaled_ECI_components,2002,pearson,kndvi_mean,bsi_mean,0.931259260966848,38281
scaled_ECI_components,2002,pearson,nbr_mean,ndmi_mean,0.9839486389754576,38281
scaled_ECI_components,2002,pearson,nbr_mean,bsi_mean,0.9849903907896076,38281
scaled_ECI_components,2002,pearson,ndmi_mean,bsi_mean,0.984909461458425,38281
scaled_ECI_components,2002,spearman,kndvi_mean,nbr_mean,0.921889081970227,38281
scaled_ECI_components,2002,spearman,kndvi_mean,ndmi_mean,0.8849907022621389,38281
scaled_ECI_components,2002,spearman,kndvi_mean,bsi_mean,0.9342432895048357,38281
scaled_ECI_components,2002,spearman,nbr_mean,ndmi_mean,0.9884708887018273,38281
scaled_ECI_components,2002,spearman,nbr_mean,bsi_mean,0.990838939809982,38281
scaled_ECI_components,2002,spearman,ndmi_mean,bsi_mean,0.9863249828063118,38281
scaled_ECI_components,2003,pearson,kndvi_mean,nbr_mean,0.9348000068646175,38281
scaled_ECI_components,2003,pearson,kndvi_mean,ndmi_mean,0.9063596418643592,38281
scaled_ECI_components,2003,pearson,kndvi_mean,bsi_mean,0.9399234103797999,38281
scaled_ECI_components,2003,pearson,nbr_mean,ndmi_mean,0.9883588687860407,38281
scaled_ECI_components,2003,pearson,nbr_mean,bsi_mean,0.9898163843481163,38281
scaled_ECI_components,2003,pearson,ndmi_mean,bsi_mean,0.992514129406839,38281
scaled_ECI_components,2003,spearman,kndvi_mean,nbr_mean,0.9325683308287335,38281
scaled_ECI_components,2003,spearman,kndvi_mean,ndmi_mean,0.901333516711003,38281
scaled_ECI_components,2003,spearman,kndvi_mean,bsi_mean,0.9366948462313046,38281
scaled_ECI_components,2003,spearman,nbr_mean,ndmi_mean,0.9914908603712147,38281
scaled_ECI_components,2003,spearman,nbr_mean,bsi_mean,0.9940225739312942,38281
scaled_ECI_components,2003,spearman,ndmi_mean,bsi_mean,0.9922524785028257,38281
scaled_ECI_components,2004,pearson,kndvi_mean,nbr_mean,0.9504373552991126,38281
scaled_ECI_components,2004,pearson,kndvi_mean,ndmi_mean,0.9326262785187682,38281
scaled_ECI_components,2004,pearson,kndvi_mean,bsi_mean,0.9590730879096401,38281
scaled_ECI_components,2004,pearson,nbr_mean,ndmi_mean,0.9897569482807145,38281
scaled_ECI_components,2004,pearson,nbr_mean,bsi_mean,0.9903555492916337,38281
scaled_ECI_components,2004,pearson,ndmi_mean,bsi_mean,0.9942023124262875,38281
scaled_ECI_components,2004,spearman,kndvi_mean,nbr_mean,0.9535212545341394,38281
scaled_ECI_components,2004,spearman,kndvi_mean,ndmi_mean,0.9343411482922714,38281
scaled_ECI_components,2004,spearman,kndvi_mean,bsi_mean,0.9597495114957594,38281
scaled_ECI_components,2004,spearman,nbr_mean,ndmi_mean,0.9927025304981352,38281
scaled_ECI_components,2004,spearman,nbr_mean,bsi_mean,0.9942766621003613,38281
scaled_ECI_components,2004,spearman,ndmi_mean,bsi_mean,0.9944770185050819,38281
scaled_ECI_components,2005,pearson,kndvi_mean,nbr_mean,0.9256072167785954,38281
scaled_ECI_components,2005,pearson,kndvi_mean,ndmi_mean,0.8865306614951175,38281
scaled_ECI_components,2005,pearson,kndvi_mean,bsi_mean,0.9402217505601009,38281
scaled_ECI_components,2005,pearson,nbr_mean,ndmi_mean,0.9827973434746835,38281
scaled_ECI_components,2005,pearson,nbr_mean,bsi_mean,0.9865071274398503,38281
scaled_ECI_components,2005,pearson,ndmi_mean,bsi_mean,0.9855246712379838,38281
scaled_ECI_components,2005,spearman,kndvi_mean,nbr_mean,0.9310657065975271,38281
scaled_ECI_components,2005,spearman,kndvi_mean,ndmi_mean,0.8960575208320775,38281
scaled_ECI_components,2005,spearman,kndvi_mean,bsi_mean,0.9444114345470346,38281
scaled_ECI_components,2005,spearman,nbr_mean,ndmi_mean,0.9879216004706166,38281
scaled_ECI_components,2005,spearman,nbr_mean,bsi_mean,0.9921108906289035,38281
scaled_ECI_components,2005,spearman,ndmi_mean,bsi_mean,0.9867655392120395,38281
scaled_ECI_components,2006,pearson,kndvi_mean,nbr_mean,0.9234060017291813,38281
scaled_ECI_components,2006,pearson,kndvi_mean,ndmi_mean,0.8852686687672852,38281
scaled_ECI_components,2006,pearson,kndvi_mean,bsi_mean,0.9333134509410572,38281
scaled_ECI_components,2006,pearson,nbr_mean,ndmi_mean,0.9854872626016123,38281
scaled_ECI_components,2006,pearson,nbr_mean,bsi_mean,0.9871679626199859,38281
scaled_ECI_components,2006,pearson,ndmi_mean,bsi_mean,0.9884470948729487,38281
scaled_ECI_components,2006,spearman,kndvi_mean,nbr_mean,0.9233754174694497,38281
scaled_ECI_components,2006,spearman,kndvi_mean,ndmi_mean,0.8880502019123528,38281
scaled_ECI_components,2006,spearman,kndvi_mean,bsi_mean,0.934115610608837,38281
scaled_ECI_components,2006,spearman,nbr_mean,ndmi_mean,0.9895425852597283,38281
scaled_ECI_components,2006,spearman,nbr_mean,bsi_mean,0.992291153005574,38281
scaled_ECI_components,2006,spearman,ndmi_mean,bsi_mean,0.9887219313434432,38281
scaled_ECI_components,2007,pearson,kndvi_mean,nbr_mean,0.9355721460365952,38281
scaled_ECI_components,2007,pearson,kndvi_mean,ndmi_mean,0.9048442641403783,38281
scaled_ECI_components,2007,pearson,kndvi_mean,bsi_mean,0.9477812394579503,38281
scaled_ECI_components,2007,pearson,nbr_mean,ndmi_mean,0.9864391459124698,38281
scaled_ECI_components,2007,pearson,nbr_mean,bsi_mean,0.9885551497291631,38281
scaled_ECI_components,2007,pearson,ndmi_mean,bsi_mean,0.9895584033382714,38281
scaled_ECI_components,2007,spearman,kndvi_mean,nbr_mean,0.9360687494223229,38281
scaled_ECI_components,2007,spearman,kndvi_mean,ndmi_mean,0.9078441870106823,38281
scaled_ECI_components,2007,spearman,kndvi_mean,bsi_mean,0.9489141153188809,38281
scaled_ECI_components,2007,spearman,nbr_mean,ndmi_mean,0.9903881704274481,38281
scaled_ECI_components,2007,spearman,nbr_mean,bsi_mean,0.9929194623978308,38281
scaled_ECI_components,2007,spearman,ndmi_mean,bsi_mean,0.9898144172790836,38281
scaled_ECI_components,2008,pearson,kndvi_mean,nbr_mean,0.9097712012061855,38281
scaled_ECI_components,2008,pearson,kndvi_mean,ndmi_mean,0.8683331027080708,38281
scaled_ECI_components,2008,pearson,kndvi_mean,bsi_mean,0.9272291467004345,38281
scaled_ECI_components,2008,pearson,nbr_mean,ndmi_mean,0.9827326346993515,38281
scaled_ECI_components,2008,pearson,nbr_mean,bsi_mean,0.9850171462522488,38281
scaled_ECI_components,2008,pearson,ndmi_mean,bsi_mean,0.985704201165294,38281
scaled_ECI_components,2008,spearman,kndvi_mean,nbr_mean,0.9045247239612577,38281
scaled_ECI_components,2008,spearman,kndvi_mean,ndmi_mean,0.8737979548773469,38281
scaled_ECI_components,2008,spearman,kndvi_mean,bsi_mean,0.9284952881102398,38281
scaled_ECI_components,2008,spearman,nbr_mean,ndmi_mean,0.9881587715089591,38281
scaled_ECI_components,2008,spearman,nbr_mean,bsi_mean,0.9899019163003712,38281
scaled_ECI_components,2008,spearman,ndmi_mean,bsi_mean,0.9862448851720269,38281
scaled_ECI_components,2009,pearson,kndvi_mean,nbr_mean,0.9266851453052622,38281
scaled_ECI_components,2009,pearson,kndvi_mean,ndmi_mean,0.8952177409395289,38281
scaled_ECI_components,2009,pearson,kndvi_mean,bsi_mean,0.9350152917542883,38281
scaled_ECI_components,2009,pearson,nbr_mean,ndmi_mean,0.9873861133167089,38281
scaled_ECI_components,2009,pearson,nbr_mean,bsi_mean,0.988720887066089,38281
scaled_ECI_components,2009,pearson,ndmi_mean,bsi_mean,0.9920620466787596,38281
scaled_ECI_components,2009,spearman,kndvi_mean,nbr_mean,0.9250884666788323,38281
scaled_ECI_components,2009,spearman,kndvi_mean,ndmi_mean,0.8990809777510328,38281
scaled_ECI_components,2009,spearman,kndvi_mean,bsi_mean,0.9375498040868938,38281
scaled_ECI_components,2009,spearman,nbr_mean,ndmi_mean,0.9917043209388925,38281
scaled_ECI_components,2009,spearman,nbr_mean,bsi_mean,0.9930048062196812,38281
scaled_ECI_components,2009,spearman,ndmi_mean,bsi_mean,0.992171118721018,38281
scaled_ECI_components,2010,pearson,kndvi_mean,nbr_mean,0.9042791040674059,38281
scaled_ECI_components,2010,pearson,kndvi_mean,ndmi_mean,0.8605909557859904,38281
scaled_ECI_components,2010,pearson,kndvi_mean,bsi_mean,0.918967241555602,38281
scaled_ECI_components,2010,pearson,nbr_mean,ndmi_mean,0.9843063180927712,38281
scaled_ECI_components,2010,pearson,nbr_mean,bsi_mean,0.9865607009301576,38281
scaled_ECI_components,2010,pearson,ndmi_mean,bsi_mean,0.9867942842135472,38281
scaled_ECI_components,2010,spearman,kndvi_mean,nbr_mean,0.89774753916564,38281
scaled_ECI_components,2010,spearman,kndvi_mean,ndmi_mean,0.8615945927984147,38281
scaled_ECI_components,2010,spearman,kndvi_mean,bsi_mean,0.917981348362726,38281
scaled_ECI_components,2010,spearman,nbr_mean,ndmi_mean,0.9888789543819722,38281
scaled_ECI_components,2010,spearman,nbr_mean,bsi_mean,0.9914896514780767,38281
scaled_ECI_components,2010,spearman,ndmi_mean,bsi_mean,0.9870318804442885,38281
scaled_ECI_components,2011,pearson,kndvi_mean,nbr_mean,0.9005164526074578,38281
scaled_ECI_components,2011,pearson,kndvi_mean,ndmi_mean,0.8517871452151705,38281
scaled_ECI_components,2011,pearson,kndvi_mean,bsi_mean,0.9070363403582338,38281
scaled_ECI_components,2011,pearson,nbr_mean,ndmi_mean,0.9809012607434799,38281
scaled_ECI_components,2011,pearson,nbr_mean,bsi_mean,0.9846392338853135,38281
scaled_ECI_components,2011,pearson,ndmi_mean,bsi_mean,0.9871317743880997,38281
scaled_ECI_components,2011,spearman,kndvi_mean,nbr_mean,0.9040468833243811,38281
scaled_ECI_components,2011,spearman,kndvi_mean,ndmi_mean,0.8624544255679573,38281
scaled_ECI_components,2011,spearman,kndvi_mean,bsi_mean,0.9114152827763189,38281
scaled_ECI_components,2011,spearman,nbr_mean,ndmi_mean,0.9865191488068196,38281
scaled_ECI_components,2011,spearman,nbr_mean,bsi_mean,0.9904155133397375,38281
scaled_ECI_components,2011,spearman,ndmi_mean,bsi_mean,0.9878377091263573,38281
scaled_ECI_components,2012,pearson,kndvi_mean,nbr_mean,0.9201364874730862,38281
scaled_ECI_components,2012,pearson,kndvi_mean,ndmi_mean,0.8729615743138568,38281
scaled_ECI_components,2012,pearson,kndvi_mean,bsi_mean,0.9298780904396069,38281
scaled_ECI_components,2012,pearson,nbr_mean,ndmi_mean,0.9814067859323428,38281
scaled_ECI_components,2012,pearson,nbr_mean,bsi_mean,0.9836154185549463,38281
scaled_ECI_components,2012,pearson,ndmi_mean,bsi_mean,0.9845581603299218,38281
scaled_ECI_components,2012,spearman,kndvi_mean,nbr_mean,0.9175948596310096,38281
scaled_ECI_components,2012,spearman,kndvi_mean,ndmi_mean,0.8752129809284451,38281
scaled_ECI_components,2012,spearman,kndvi_mean,bsi_mean,0.9298893028811416,38281
scaled_ECI_components,2012,spearman,nbr_mean,ndmi_mean,0.9853394069511243,38281
scaled_ECI_components,2012,spearman,nbr_mean,bsi_mean,0.9888460122082068,38281
scaled_ECI_components,2012,spearman,ndmi_mean,bsi_mean,0.9839651446918625,38281
scaled_ECI_components,2013,pearson,kndvi_mean,nbr_mean,0.9424286676614586,38281
scaled_ECI_components,2013,pearson,kndvi_mean,ndmi_mean,0.9062680096900565,38281
scaled_ECI_components,2013,pearson,kndvi_mean,bsi_mean,0.9530451311996495,38281
scaled_ECI_components,2013,pearson,nbr_mean,ndmi_mean,0.986128779834927,38281
scaled_ECI_components,2013,pearson,nbr_mean,bsi_mean,0.9862434537555926,38281
scaled_ECI_components,2013,pearson,ndmi_mean,bsi_mean,0.9865727891326932,38281
scaled_ECI_components,2013,spearman,kndvi_mean,nbr_mean,0.9438931390168387,38281
scaled_ECI_components,2013,spearman,kndvi_mean,ndmi_mean,0.9127418708264405,38281
scaled_ECI_components,2013,spearman,kndvi_mean,bsi_mean,0.9581355401158724,38281
scaled_ECI_components,2013,spearman,nbr_mean,ndmi_mean,0.9893520828940575,38281
scaled_ECI_components,2013,spearman,nbr_mean,bsi_mean,0.9916967271677124,38281
scaled_ECI_components,2013,spearman,ndmi_mean,bsi_mean,0.9864568251318102,38281
scaled_ECI_components,2014,pearson,kndvi_mean,nbr_mean,0.9455881570309623,38281
scaled_ECI_components,2014,pearson,kndvi_mean,ndmi_mean,0.9146852149082385,38281
scaled_ECI_components,2014,pearson,kndvi_mean,bsi_mean,0.954883955385312,38281
scaled_ECI_components,2014,pearson,nbr_mean,ndmi_mean,0.9874195751977847,38281
scaled_ECI_components,2014,pearson,nbr_mean,bsi_mean,0.9873830602224806,38281
scaled_ECI_components,2014,pearson,ndmi_mean,bsi_mean,0.9896959836205059,38281
scaled_ECI_components,2014,spearman,kndvi_mean,nbr_mean,0.9483027830822623,38281
scaled_ECI_components,2014,spearman,kndvi_mean,ndmi_mean,0.9202642240179852,38281
scaled_ECI_components,2014,spearman,kndvi_mean,bsi_mean,0.9602715051168953,38281
scaled_ECI_components,2014,spearman,nbr_mean,ndmi_mean,0.9905552515195357,38281
scaled_ECI_components,2014,spearman,nbr_mean,bsi_mean,0.9929716208378222,38281
scaled_ECI_components,2014,spearman,ndmi_mean,bsi_mean,0.9894514056718989,38281
scaled_ECI_components,2015,pearson,kndvi_mean,nbr_mean,0.9395808408880102,38281
scaled_ECI_components,2015,pearson,kndvi_mean,ndmi_mean,0.8963656830450225,38281
scaled_ECI_components,2015,pearson,kndvi_mean,bsi_mean,0.9469923387346654,38281
scaled_ECI_components,2015,pearson,nbr_mean,ndmi_mean,0.9827656595836166,38281
scaled_ECI_components,2015,pearson,nbr_mean,bsi_mean,0.984422632633156,38281
scaled_ECI_components,2015,pearson,ndmi_mean,bsi_mean,0.9861982343425215,38281
scaled_ECI_components,2015,spearman,kndvi_mean,nbr_mean,0.9451880794501295,38281
scaled_ECI_components,2015,spearman,kndvi_mean,ndmi_mean,0.9088682913829562,38281
scaled_ECI_components,2015,spearman,kndvi_mean,bsi_mean,0.9547241785541938,38281
scaled_ECI_components,2015,spearman,nbr_mean,ndmi_mean,0.9861331911910027,38281
scaled_ECI_components,2015,spearman,nbr_mean,bsi_mean,0.9900286808116836,38281
scaled_ECI_components,2015,spearman,ndmi_mean,bsi_mean,0.9867608959750188,38281
scaled_ECI_components,2016,pearson,kndvi_mean,nbr_mean,0.9357047499596822,38281
scaled_ECI_components,2016,pearson,kndvi_mean,ndmi_mean,0.8919295449222705,38281
scaled_ECI_components,2016,pearson,kndvi_mean,bsi_mean,0.9471238373477057,38281
scaled_ECI_components,2016,pearson,nbr_mean,ndmi_mean,0.9847500157497655,38281
scaled_ECI_components,2016,pearson,nbr_mean,bsi_mean,0.9854704026376014,38281
scaled_ECI_components,2016,pearson,ndmi_mean,bsi_mean,0.9840607482847736,38281
scaled_ECI_components,2016,spearman,kndvi_mean,nbr_mean,0.9388413792869502,38281
scaled_ECI_components,2016,spearman,kndvi_mean,ndmi_mean,0.9040955281524211,38281
scaled_ECI_components,2016,spearman,kndvi_mean,bsi_mean,0.9543307520302974,38281
scaled_ECI_components,2016,spearman,nbr_mean,ndmi_mean,0.9887036459645036,38281
scaled_ECI_components,2016,spearman,nbr_mean,bsi_mean,0.9900108977238572,38281
scaled_ECI_components,2016,spearman,ndmi_mean,bsi_mean,0.9842510713673762,38281
scaled_ECI_components,2017,pearson,kndvi_mean,nbr_mean,0.9495179875522719,38281
scaled_ECI_components,2017,pearson,kndvi_mean,ndmi_mean,0.9183141210710819,38281
scaled_ECI_components,2017,pearson,kndvi_mean,bsi_mean,0.9578237184947607,38281
scaled_ECI_components,2017,pearson,nbr_mean,ndmi_mean,0.9876309666460252,38281
scaled_ECI_components,2017,pearson,nbr_mean,bsi_mean,0.9868641987207397,38281
scaled_ECI_components,2017,pearson,ndmi_mean,bsi_mean,0.9893185650379472,38281
scaled_ECI_components,2017,spearman,kndvi_mean,nbr_mean,0.9512043221404677,38281
scaled_ECI_components,2017,spearman,kndvi_mean,ndmi_mean,0.9241928304887568,38281
scaled_ECI_components,2017,spearman,kndvi_mean,bsi_mean,0.9623229410452487,38281
scaled_ECI_components,2017,spearman,nbr_mean,ndmi_mean,0.9908011677335786,38281
scaled_ECI_components,2017,spearman,nbr_mean,bsi_mean,0.9919950813478541,38281
scaled_ECI_components,2017,spearman,ndmi_mean,bsi_mean,0.9889365913558379,38281
scaled_ECI_components,2018,pearson,kndvi_mean,nbr_mean,0.9604391797719076,38281
scaled_ECI_components,2018,pearson,kndvi_mean,ndmi_mean,0.9309551104064857,38281
scaled_ECI_components,2018,pearson,kndvi_mean,bsi_mean,0.9641123654384047,38281
scaled_ECI_components,2018,pearson,nbr_mean,ndmi_mean,0.9863748039668561,38281
scaled_ECI_components,2018,pearson,nbr_mean,bsi_mean,0.9867655902553469,38281
scaled_ECI_components,2018,pearson,ndmi_mean,bsi_mean,0.9900511381404759,38281
scaled_ECI_components,2018,spearman,kndvi_mean,nbr_mean,0.9629353019981384,38281
scaled_ECI_components,2018,spearman,kndvi_mean,ndmi_mean,0.9365075631107757,38281
scaled_ECI_components,2018,spearman,kndvi_mean,bsi_mean,0.9688303904715102,38281
scaled_ECI_components,2018,spearman,nbr_mean,ndmi_mean,0.9895595587720282,38281
scaled_ECI_components,2018,spearman,nbr_mean,bsi_mean,0.992451866701328,38281
scaled_ECI_components,2018,spearman,ndmi_mean,bsi_mean,0.9903142648441587,38281
scaled_ECI_components,2019,pearson,kndvi_mean,nbr_mean,0.9521100995881209,38281
scaled_ECI_components,2019,pearson,kndvi_mean,ndmi_mean,0.9212327572816358,38281
scaled_ECI_components,2019,pearson,kndvi_mean,bsi_mean,0.9593852441822137,38281
scaled_ECI_components,2019,pearson,nbr_mean,ndmi_mean,0.9871567035088625,38281
scaled_ECI_components,2019,pearson,nbr_mean,bsi_mean,0.986924089169688,38281
scaled_ECI_components,2019,pearson,ndmi_mean,bsi_mean,0.9893889136153668,38281
scaled_ECI_components,2019,spearman,kndvi_mean,nbr_mean,0.9524281222321466,38281
scaled_ECI_components,2019,spearman,kndvi_mean,ndmi_mean,0.9254887736134241,38281
scaled_ECI_components,2019,spearman,kndvi_mean,bsi_mean,0.9637715823151535,38281
scaled_ECI_components,2019,spearman,nbr_mean,ndmi_mean,0.9897139786270881,38281
scaled_ECI_components,2019,spearman,nbr_mean,bsi_mean,0.9914507872839085,38281
scaled_ECI_components,2019,spearman,ndmi_mean,bsi_mean,0.9885450106694396,38281
scaled_ECI_components,2020,pearson,kndvi_mean,nbr_mean,0.9539936849445259,38281
scaled_ECI_components,2020,pearson,kndvi_mean,ndmi_mean,0.9180331917147689,38281
scaled_ECI_components,2020,pearson,kndvi_mean,bsi_mean,0.9575301000260992,38281
scaled_ECI_components,2020,pearson,nbr_mean,ndmi_mean,0.9845350051718894,38281
scaled_ECI_components,2020,pearson,nbr_mean,bsi_mean,0.9871898306457355,38281
scaled_ECI_components,2020,pearson,ndmi_mean,bsi_mean,0.9894168722819683,38281
scaled_ECI_components,2020,spearman,kndvi_mean,nbr_mean,0.9580604344256485,38281
scaled_ECI_components,2020,spearman,kndvi_mean,ndmi_mean,0.9274838303306364,38281
scaled_ECI_components,2020,spearman,kndvi_mean,bsi_mean,0.9637973983402857,38281
scaled_ECI_components,2020,spearman,nbr_mean,ndmi_mean,0.9879645333694226,38281
scaled_ECI_components,2020,spearman,nbr_mean,bsi_mean,0.9925128872431861,38281
scaled_ECI_components,2020,spearman,ndmi_mean,bsi_mean,0.9896267648259649,38281
scaled_ECI_components,2021,pearson,kndvi_mean,nbr_mean,0.9552737206510137,38281
scaled_ECI_components,2021,pearson,kndvi_mean,ndmi_mean,0.9212266280259906,38281
scaled_ECI_components,2021,pearson,kndvi_mean,bsi_mean,0.9541298686640394,38281
scaled_ECI_components,2021,pearson,nbr_mean,ndmi_mean,0.9872761380206159,38281
scaled_ECI_components,2021,pearson,nbr_mean,bsi_mean,0.9894344134151607,38281
scaled_ECI_components,2021,pearson,ndmi_mean,bsi_mean,0.9929292259309652,38281
scaled_ECI_components,2021,spearman,kndvi_mean,nbr_mean,0.9539553188914,38281
scaled_ECI_components,2021,spearman,kndvi_mean,ndmi_mean,0.9261950952491689,38281
scaled_ECI_components,2021,spearman,kndvi_mean,bsi_mean,0.9598465965505346,38281
scaled_ECI_components,2021,spearman,nbr_mean,ndmi_mean,0.9908266679991432,38281
scaled_ECI_components,2021,spearman,nbr_mean,bsi_mean,0.9935266616756081,38281
scaled_ECI_components,2021,spearman,ndmi_mean,bsi_mean,0.991961781802742,38281
scaled_ECI_components,2022,pearson,kndvi_mean,nbr_mean,0.9605871614155379,38281
scaled_ECI_components,2022,pearson,kndvi_mean,ndmi_mean,0.929764442468344,38281
scaled_ECI_components,2022,pearson,kndvi_mean,bsi_mean,0.9584840159041658,38281
scaled_ECI_components,2022,pearson,nbr_mean,ndmi_mean,0.9868459111920118,38281
scaled_ECI_components,2022,pearson,nbr_mean,bsi_mean,0.9890107115012883,38281
scaled_ECI_components,2022,pearson,ndmi_mean,bsi_mean,0.9936026782945481,38281
scaled_ECI_components,2022,spearman,kndvi_mean,nbr_mean,0.9659620461696061,38281
scaled_ECI_components,2022,spearman,kndvi_mean,ndmi_mean,0.9423793970938792,38281
scaled_ECI_components,2022,spearman,kndvi_mean,bsi_mean,0.9693941140844138,38281
scaled_ECI_components,2022,spearman,nbr_mean,ndmi_mean,0.9900918223787691,38281
scaled_ECI_components,2022,spearman,nbr_mean,bsi_mean,0.993696083583617,38281
scaled_ECI_components,2022,spearman,ndmi_mean,bsi_mean,0.9929496128397249,38281
scaled_ECI_components,2023,pearson,kndvi_mean,nbr_mean,0.9569810913845685,38281
scaled_ECI_components,2023,pearson,kndvi_mean,ndmi_mean,0.922703228797616,38281
scaled_ECI_components,2023,pearson,kndvi_mean,bsi_mean,0.9545772879029547,38281
scaled_ECI_components,2023,pearson,nbr_mean,ndmi_mean,0.9868955896776901,38281
scaled_ECI_components,2023,pearson,nbr_mean,bsi_mean,0.9899275380189078,38281
scaled_ECI_components,2023,pearson,ndmi_mean,bsi_mean,0.9930763347326699,38281
scaled_ECI_components,2023,spearman,kndvi_mean,nbr_mean,0.959715599849464,38281
scaled_ECI_components,2023,spearman,kndvi_mean,ndmi_mean,0.928878097062361,38281
scaled_ECI_components,2023,spearman,kndvi_mean,bsi_mean,0.9611728892921294,38281
scaled_ECI_components,2023,spearman,nbr_mean,ndmi_mean,0.9899346891187081,38281
scaled_ECI_components,2023,spearman,nbr_mean,bsi_mean,0.9946843665817854,38281
scaled_ECI_components,2023,spearman,ndmi_mean,bsi_mean,0.9926716964859877,38281
scaled_ECI_components,2024,pearson,kndvi_mean,nbr_mean,0.9493635651525038,38281
scaled_ECI_components,2024,pearson,kndvi_mean,ndmi_mean,0.9079427612410417,38281
scaled_ECI_components,2024,pearson,kndvi_mean,bsi_mean,0.9501609979510403,38281
scaled_ECI_components,2024,pearson,nbr_mean,ndmi_mean,0.9849857139746742,38281
scaled_ECI_components,2024,pearson,nbr_mean,bsi_mean,0.9892564818537315,38281
scaled_ECI_components,2024,pearson,ndmi_mean,bsi_mean,0.9896539171813165,38281
scaled_ECI_components,2024,spearman,kndvi_mean,nbr_mean,0.9554602756390387,38281
scaled_ECI_components,2024,spearman,kndvi_mean,ndmi_mean,0.9159144987467023,38281
scaled_ECI_components,2024,spearman,kndvi_mean,bsi_mean,0.9567750391868963,38281
scaled_ECI_components,2024,spearman,nbr_mean,ndmi_mean,0.9856354923650308,38281
scaled_ECI_components,2024,spearman,nbr_mean,bsi_mean,0.992613106085694,38281
scaled_ECI_components,2024,spearman,ndmi_mean,bsi_mean,0.9887885808961245,38281
scaled_ECI_components,2025,pearson,kndvi_mean,nbr_mean,0.9629424944266501,38281
scaled_ECI_components,2025,pearson,kndvi_mean,ndmi_mean,0.9311313913534744,38281
scaled_ECI_components,2025,pearson,kndvi_mean,bsi_mean,0.9590774837140983,38281
scaled_ECI_components,2025,pearson,nbr_mean,ndmi_mean,0.9871787044417836,38281
scaled_ECI_components,2025,pearson,nbr_mean,bsi_mean,0.9900603112566234,38281
scaled_ECI_components,2025,pearson,ndmi_mean,bsi_mean,0.9935482041866683,38281
scaled_ECI_components,2025,spearman,kndvi_mean,nbr_mean,0.9635830930037186,38281
scaled_ECI_components,2025,spearman,kndvi_mean,ndmi_mean,0.9337502809915958,38281
scaled_ECI_components,2025,spearman,kndvi_mean,bsi_mean,0.9636932323906684,38281
scaled_ECI_components,2025,spearman,nbr_mean,ndmi_mean,0.9887203964497078,38281
scaled_ECI_components,2025,spearman,nbr_mean,bsi_mean,0.9940125270021518,38281
scaled_ECI_components,2025,spearman,ndmi_mean,bsi_mean,0.9928399864391058,38281
scaled_ECI_components,pooled_cell_years,pearson,kndvi_mean,nbr_mean,0.9250507890502203,995306
scaled_ECI_components,pooled_cell_years,pearson,kndvi_mean,ndmi_mean,0.9052283676575912,995306
scaled_ECI_components,pooled_cell_years,pearson,kndvi_mean,bsi_mean,0.9450128685827153,995306
scaled_ECI_components,pooled_cell_years,pearson,nbr_mean,ndmi_mean,0.9814005639266646,995306
scaled_ECI_components,pooled_cell_years,pearson,nbr_mean,bsi_mean,0.9830222228493484,995306
scaled_ECI_components,pooled_cell_years,pearson,ndmi_mean,bsi_mean,0.9896379481650389,995306
scaled_ECI_components,pooled_cell_years,spearman,kndvi_mean,nbr_mean,0.9229322475758168,995306
scaled_ECI_components,pooled_cell_years,spearman,kndvi_mean,ndmi_mean,0.9079304419811165,995306
scaled_ECI_components,pooled_cell_years,spearman,kndvi_mean,bsi_mean,0.9469739076872752,995306
scaled_ECI_components,pooled_cell_years,spearman,nbr_mean,ndmi_mean,0.9853258073683344,995306
scaled_ECI_components,pooled_cell_years,spearman,nbr_mean,bsi_mean,0.9883827426459754,995306
scaled_ECI_components,pooled_cell_years,spearman,ndmi_mean,bsi_mean,0.9894836600433027,995306
