cell_id,x,y,observed_initial,observed_current,reference_ceiling,vegetation_slope,moisture_recent,elevation,initial_gap,human_pressure,target_regain
0,77.4,73.67,0.3248,0.5019,0.7731,-0.00403,0.2631,674.9,0.4483,0.0877,0.246
1,43.89,88.64,0.4833,0.5253,0.6977,0.00541,0.2173,930.2,0.2143,0.7213,0.1087
2,85.86,92.11,0.3516,0.3833,0.4687,-0.00828,0.2966,649.0,0.1171,0.2217,0.1565
3,69.74,50.36,0.3609,0.4977,0.5859,-0.00411,0.4712,1048.5,0.2249,0.1934,0.4368
4,9.42,52.03,0.5529,0.732,0.9539,0.0009,0.3371,176.1,0.401,0.3149,0.2875
5,97.56,79.99,0.4572,0.5604,0.6222,0.00996,0.3854,488.1,0.1651,0.9024,0.4549
6,76.11,31.45,0.6687,0.6658,0.7875,-0.00605,0.2571,631.9,0.1187,0.7965,-0.0121
7,78.61,83.74,0.4277,0.4188,0.5038,-0.01842,0.1706,547.2,0.0761,0.9469,-0.0548
8,12.81,49.41,0.5905,0.5763,0.7366,-0.01917,0.2335,174.9,0.1461,0.652,-0.0463
9,45.04,11.59,0.4844,0.443,0.5966,-0.01259,0.5298,226.6,0.1122,0.6629,-0.1558
10,37.08,7.21,0.564,0.6727,0.8532,-0.01313,0.4012,1013.3,0.2892,0.48,0.2316
11,92.68,84.2,0.5399,0.7299,0.8498,-0.00155,0.289,607.0,0.3099,0.9052,0.4421
12,64.39,5.56,0.4891,0.588,0.6461,-0.01189,0.495,106.0,0.1569,0.5109,0.4602
13,82.28,28.06,0.68,0.5992,0.8028,-0.00703,0.1322,69.0,0.1228,0.3551,-0.2477
14,44.34,33.41,0.4371,0.5218,0.6653,-0.00774,0.2269,594.5,0.2282,0.6404,0.228
15,22.72,17.3,0.3709,0.4579,0.6707,-0.00441,0.2151,239.0,0.2998,0.5461,0.1697
16,55.46,31.39,0.5712,0.8389,0.9161,0.01323,0.5927,860.9,0.3448,0.124,0.6343
17,6.38,74.27,0.6384,0.6218,0.6753,0.00662,0.453,964.6,0.0369,0.3927,-0.1835
18,82.76,1.47,0.3161,0.3848,0.4969,0.00016,0.4089,312.5,0.1808,0.3133,0.2347
19,63.17,82.72,0.4799,0.7163,0.8805,-0.00461,0.1025,731.0,0.4006,0.8468,0.4187
20,75.81,85.65,0.657,0.793,0.9415,-0.00433,0.1922,227.6,0.2845,0.3788,0.3141
21,35.45,37.23,0.5998,0.7449,0.9975,0.00328,0.4178,399.1,0.3976,0.8216,0.2231
22,97.07,15.36,0.6967,0.8059,0.9503,0.00584,0.2899,1072.1,0.2536,0.4424,0.2742
23,89.31,60.08,0.5126,0.639,0.8216,-0.00908,0.5621,675.7,0.309,0.7535,0.2571
24,77.84,11.97,0.564,0.7262,0.9246,0.00036,0.4824,1068.8,0.3606,0.1353,0.2902
25,19.46,36.49,0.421,0.4562,0.5117,-0.02032,0.3237,309.0,0.0907,0.9247,0.2411
26,46.67,95.84,0.679,0.8493,1.0,0.00212,0.4748,429.5,0.321,0.4806,0.3609
27,4.38,99.55,0.4465,0.4367,0.5729,0.00762,0.5877,591.6,0.1264,0.2598,-0.0375
28,15.43,77.21,0.5954,0.7217,0.877,-0.0028,0.3305,602.1,0.2816,0.2415,0.289
29,68.3,31.1,0.4613,0.5756,0.6506,0.01817,0.4213,1197.3,0.1894,0.2651,0.4322
30,74.48,68.77,0.5247,0.5754,0.8211,-0.00881,0.5593,181.6,0.2964,0.3667,0.0935
31,96.75,70.54,0.5879,0.6861,0.9717,0.00217,0.2243,1029.8,0.3838,0.7175,0.1467
32,32.58,38.78,0.5036,0.5538,0.6093,-0.00036,0.5433,1043.2,0.1058,0.9496,0.3111
33,37.05,64.09,0.6628,0.6771,0.8774,-0.001,0.1488,686.2,0.2146,0.669,0.0344
34,46.96,1.07,0.4677,0.5394,0.7804,-0.00114,0.4242,445.6,0.3127,0.5472,0.1295
35,18.95,20.91,0.5588,0.5705,0.6917,0.00107,0.4914,647.1,0.1329,0.4486,0.046
36,12.99,52.51,0.4369,0.5628,0.8097,0.00848,0.4073,386.3,0.3727,0.8282,0.2031
37,47.57,16.38,0.4633,0.4713,0.6793,0.01378,0.3478,969.0,0.2161,0.8497,0.0188
38,22.69,16.59,0.476,0.633,0.9153,-2e-05,0.4087,623.0,0.4392,0.293,0.2175
39,66.98,83.63,0.3503,0.3558,0.6511,0.00815,0.1758,1114.7,0.3007,0.9534,0.0092
40,43.72,98.91,0.3367,0.3914,0.452,-0.00702,0.2078,766.1,0.1153,0.3951,0.311
41,83.27,55.6,0.567,0.617,0.7783,0.00766,0.2349,641.5,0.2113,0.8001,0.1343
42,70.03,83.91,0.5622,0.7682,0.955,-0.00762,0.3989,867.7,0.3928,0.9668,0.3555
43,31.24,99.03,0.5652,0.6916,0.7783,0.01091,0.321,629.5,0.2131,0.7037,0.4217
44,83.23,14.16,0.3079,0.391,0.525,0.02211,0.2222,1090.2,0.2171,0.1616,0.2365
45,80.48,44.82,0.4306,0.5705,0.8674,-0.00122,0.5414,262.1,0.4368,0.5861,0.1907
46,38.75,39.26,0.3791,0.3105,0.3646,-0.02193,0.287,1169.4,0.0,0.1188,
47,28.83,8.0,0.6113,0.7078,0.8709,-0.00548,0.323,984.0,0.2597,0.7891,0.2284
48,68.25,75.53,0.6443,0.9041,1.0,0.01232,0.3049,1039.8,0.3557,0.2813,0.5752
49,13.98,43.38,0.3987,0.5093,0.6402,0.00553,0.191,605.3,0.2416,0.6952,0.2968
50,19.99,46.93,0.5671,0.6726,0.8425,0.00249,0.4658,1012.8,0.2754,0.9101,0.2368
51,0.74,15.07,0.3517,0.4956,0.7901,0.01009,0.3242,402.8,0.4384,0.181,0.1963
52,78.69,18.09,0.4101,0.5817,0.7504,0.00484,0.1081,926.2,0.3404,0.3929,0.3372
53,66.49,90.71,0.3555,0.2957,0.3784,0.01218,0.582,211.5,0.0229,0.6471,-0.5659
54,70.52,4.46,0.4134,0.3788,0.4418,0.00919,0.5079,403.1,0.0283,0.4197,-0.3789
55,78.07,23.29,0.5699,0.6867,0.9731,0.01522,0.4618,562.6,0.4032,0.1748,0.1694
56,45.89,29.21,0.6641,0.7069,0.8234,0.00359,0.5345,420.7,0.1593,0.0291,0.1553
57,56.87,49.02,0.381,0.586,0.762,0.00905,0.5534,495.1,0.381,0.4066,0.368
58,13.98,58.64,0.5168,0.5916,0.6643,-0.00307,0.2687,993.1,0.1475,0.6492,0.3397
59,11.45,49.33,0.5806,0.5258,0.6817,-0.00601,0.4055,345.2,0.1012,0.574,-0.213
60,66.84,8.41,0.6812,0.6797,0.9623,0.01707,0.4044,907.1,0.2811,0.1562,-0.0026
61,47.11,24.37,0.544,0.4241,0.5997,0.00216,0.2336,134.8,0.0556,0.4507,-0.5188
62,56.52,84.36,0.402,0.4833,0.7761,0.00805,0.211,930.6,0.3741,0.3695,0.1219
63,76.5,63.76,0.5502,0.6351,0.7498,0.00124,0.157,960.8,0.1996,0.2742,0.2702
64,63.47,64.91,0.4282,0.4942,0.6704,-0.00587,0.4297,512.0,0.2422,0.7293,0.1579
65,55.36,67.02,0.6905,0.8768,1.0,0.00011,0.4905,880.8,0.3095,0.3097,0.4305
66,55.92,76.29,0.4599,0.6558,0.8178,0.01436,0.4805,1102.4,0.3579,0.5401,0.3767
67,30.4,5.81,0.5742,0.6605,0.7804,0.00555,0.2581,970.8,0.2062,0.9232,0.2648
68,3.08,36.66,0.3093,0.2385,0.5024,-0.01711,0.2026,499.0,0.1931,0.5393,-0.1549
69,43.67,53.95,0.46,0.6094,0.7569,-0.00215,0.3268,606.8,0.2969,0.617,0.3362
70,21.46,33.85,0.65,0.7945,0.9772,0.01782,0.3734,946.3,0.3271,0.0732,0.2833
71,40.85,84.45,0.5441,0.6688,0.963,-0.00214,0.5595,386.5,0.4189,0.1781,0.175
72,85.34,48.26,0.4776,0.6561,0.7527,-0.018,0.5374,974.5,0.2751,0.101,0.4802
73,23.39,76.86,0.6744,0.6812,0.8065,0.01893,0.558,427.3,0.1322,0.7648,0.0265
74,5.83,85.2,0.6416,0.9023,0.9601,0.00682,0.5251,976.9,0.3185,0.8359,0.6929
75,28.14,50.48,0.4289,0.4521,0.6001,-0.0007,0.5823,149.8,0.1712,0.1865,0.0728
76,29.36,90.96,0.5178,0.6778,0.7778,-0.00371,0.3327,101.1,0.26,0.2193,0.4442
77,66.19,58.71,0.4959,0.4609,0.681,0.01082,0.1237,1197.3,0.185,0.3232,-0.0864
78,55.7,85.03,0.5529,0.5785,0.6738,-0.00542,0.1418,1049.9,0.1209,0.5911,0.1183
79,78.39,34.06,0.4336,0.655,0.8737,0.01148,0.2951,1065.3,0.44,0.6218,0.336
80,66.43,49.88,0.3977,0.4768,0.5927,0.00542,0.2288,1144.0,0.195,0.6868,0.2545
81,40.64,53.14,0.6651,0.8323,0.9711,0.00245,0.185,554.1,0.306,0.9052,0.3759
82,81.4,10.5,0.6695,0.7885,0.9257,0.00146,0.5766,379.9,0.2562,0.295,0.3024
83,16.7,39.86,0.6373,0.7289,0.9581,-0.00175,0.1977,199.5,0.3208,0.6588,0.1666
84,2.27,91.73,0.6913,0.9004,1.0,0.01046,0.5797,626.4,0.3087,0.5597,0.5121
85,9.0,63.08,0.598,0.6791,0.8194,-0.00865,0.4804,303.1,0.2214,0.3058,0.2241
86,72.24,17.75,0.6059,0.5634,0.8266,-0.01622,0.4205,1125.9,0.2207,0.9074,-0.0878
87,46.19,33.89,0.605,0.6408,0.8338,0.00614,0.438,54.6,0.2287,0.0955,0.0848
88,16.13,19.16,0.4922,0.6363,0.7398,0.00631,0.2657,214.7,0.2476,0.712,0.4105
89,50.1,2.48,0.4826,0.6142,0.8892,0.0048,0.4232,333.4,0.4067,0.7279,0.1931
90,15.23,92.75,0.3961,0.3707,0.5064,0.00408,0.1933,278.8,0.1103,0.9153,-0.1031
91,69.63,44.82,0.5579,0.6,0.6597,-0.00321,0.5689,309.6,0.1018,0.5186,0.2603
92,44.62,30.75,0.4157,0.4692,0.6428,0.00787,0.2509,804.5,0.2271,0.3216,0.1334
93,38.1,59.85,0.4031,0.4739,0.5549,-0.00046,0.2276,426.6,0.1517,0.8277,0.3041
94,30.15,0.73,0.5344,0.5243,0.6339,-0.00487,0.4556,757.3,0.0995,0.7708,-0.0482
95,63.03,27.8,0.464,0.5137,0.7505,-0.00312,0.4282,1073.8,0.2865,0.5003,0.095
96,36.18,70.3,0.3875,0.4293,0.5119,0.02021,0.3256,742.9,0.1244,0.7679,0.2014
97,8.76,63.38,0.6264,0.7881,1.0,-0.01735,0.4162,848.7,0.3736,0.2679,0.2762
98,11.8,98.18,0.6442,0.809,1.0,0.005,0.1797,470.3,0.3558,0.5895,0.3013
99,96.19,62.04,0.3671,0.4554,0.657,-0.01679,0.4367,233.7,0.29,0.8652,0.1797
100,90.86,47.75,0.303,0.3716,0.5992,-0.00108,0.2353,418.7,0.2962,0.318,0.131
101,69.97,76.14,0.4345,0.5456,0.774,-0.00434,0.2364,1158.9,0.3396,0.4835,0.1958
102,26.59,90.33,0.619,0.6537,0.9519,-0.02085,0.1811,765.1,0.3329,0.951,0.0549
103,96.92,72.07,0.6357,0.6439,0.7793,0.00389,0.2662,369.1,0.1436,0.7982,0.0296
104,77.88,96.32,0.3553,0.3801,0.4708,-0.0038,0.2656,568.6,0.1155,0.887,0.1202
105,71.69,78.2,0.6097,0.6589,0.8387,-0.02099,0.3271,1010.8,0.229,0.3852,0.1204
106,44.94,86.68,0.3463,0.3532,0.5365,0.0084,0.1952,818.7,0.1902,0.9965,0.0185
107,27.22,11.41,0.456,0.569,0.6635,0.01435,0.1965,694.8,0.2074,0.1526,0.3742
108,9.64,73.24,0.6994,0.8578,1.0,0.0149,0.3709,1067.9,0.3006,0.5188,0.3577
109,90.26,44.01,0.377,0.3501,0.4036,0.00359,0.1644,823.3,0.0266,0.4793,-0.3367
110,45.58,55.31,0.3616,0.4636,0.7455,0.00046,0.4444,789.1,0.3839,0.7984,0.1532
111,20.24,65.41,0.4691,0.5515,0.6677,0.01328,0.572,268.2,0.1985,0.9086,0.2619
112,30.6,96.98,0.5479,0.6752,0.7351,0.01682,0.3134,172.3,0.1872,0.7311,0.5153
113,57.92,98.46,0.6732,0.7721,0.8492,0.01134,0.5506,1159.9,0.176,0.6268,0.391
114,17.68,28.82,0.6923,0.676,0.7861,-0.00942,0.1492,738.7,0.0938,0.4274,-0.0799
115,85.66,73.38,0.3279,0.3269,0.4453,0.00201,0.1215,528.0,0.1175,0.5103,-0.0042
116,75.85,75.0,0.3552,0.4576,0.5158,0.0044,0.4607,727.4,0.1606,0.5093,0.4679
117,71.95,34.65,0.6163,0.7986,0.9184,-0.0181,0.4805,121.1,0.3021,0.0204,0.432
118,43.21,12.39,0.4083,0.3311,0.4294,0.00469,0.5215,995.4,0.0211,0.503,-0.6464
119,62.73,4.09,0.6539,0.7816,0.9263,0.02273,0.1284,299.1,0.2723,0.856,0.3062
120,58.41,77.73,0.5654,0.7606,0.9068,0.0064,0.4885,975.2,0.3415,0.7093,0.4001
121,64.98,48.97,0.3447,0.4325,0.5672,0.01473,0.2883,664.5,0.2225,0.7957,0.2456
122,8.44,98.55,0.633,0.777,0.909,0.00183,0.2517,368.1,0.276,0.3905,0.353
123,41.58,46.5,0.3705,0.4143,0.4867,-0.00073,0.1865,84.7,0.1162,0.529,0.232
124,4.16,97.79,0.4694,0.5598,0.6162,0.00381,0.598,988.2,0.1468,0.0335,0.4455
125,49.4,41.16,0.5209,0.4912,0.5917,-0.00816,0.1318,252.9,0.0709,0.383,-0.1731
126,32.99,79.37,0.5003,0.4128,0.6519,-0.00964,0.5135,109.6,0.1516,0.4744,-0.224
127,14.45,8.48,0.5745,0.7499,1.0,0.01266,0.4197,919.3,0.4255,0.2552,0.2596
128,10.34,55.55,0.5611,0.5823,0.8644,0.01372,0.4675,452.5,0.3033,0.0312,0.0362
129,58.76,80.21,0.6968,0.7604,0.9364,-0.00991,0.4559,497.7,0.2396,0.6904,0.1529
130,17.06,92.47,0.6998,0.6889,0.8718,0.00968,0.5292,334.1,0.172,0.4351,-0.0307
131,92.51,82.26,0.5066,0.4938,0.6224,-0.00087,0.1919,1038.1,0.1158,0.4157,-0.0523
132,58.11,3.7,0.3381,0.4242,0.6677,0.0034,0.1004,391.9,0.3296,0.25,0.1502
133,34.69,37.27,0.5911,0.6328,0.874,0.0046,0.3993,291.7,0.2828,0.5378,0.0795
134,59.09,4.87,0.6907,0.8209,1.0,0.00994,0.2769,405.6,0.3093,0.438,0.2666
135,2.28,10.93,0.4273,0.5635,0.8374,0.00083,0.1619,283.6,0.4101,0.474,0.1991
136,95.86,67.53,0.4845,0.6102,0.7687,0.0141,0.1931,415.3,0.2843,0.5809,0.2838
137,48.23,71.33,0.4699,0.589,0.8307,0.00309,0.2659,145.4,0.3608,0.0063,0.1976
138,78.27,77.37,0.3206,0.5468,0.7984,0.00624,0.1351,232.3,0.4778,0.9077,0.3101
139,8.27,86.55,0.5689,0.5835,0.7106,-0.00833,0.1285,529.6,0.1417,0.0711,0.0543
140,48.67,73.94,0.4413,0.5369,0.8193,0.02159,0.558,1061.4,0.3779,0.4509,0.1448
141,49.07,80.09,0.615,0.8056,0.8792,0.0047,0.2561,115.9,0.2642,0.2074,0.5643
142,93.78,4.9,0.6328,0.834,1.0,0.00713,0.5911,294.6,0.3672,0.5238,0.3773
143,57.17,23.45,0.6285,0.6148,0.8573,-0.01608,0.5822,1094.6,0.2288,0.2802,-0.0292
144,47.35,62.19,0.4667,0.5417,0.615,-0.00823,0.1713,1073.5,0.1483,0.86,0.3384
145,26.7,85.81,0.4286,0.6373,0.8513,0.01238,0.4575,831.4,0.4227,0.3964,0.3277
146,33.16,0.45,0.5995,0.7402,0.7987,0.00287,0.4004,326.5,0.1992,0.6388,0.5457
147,52.07,51.46,0.6206,0.7362,0.9787,-0.01914,0.4453,532.8,0.3582,0.2489,0.1925
148,43.89,67.73,0.4965,0.5791,0.8289,0.01038,0.1481,292.9,0.3324,0.0194,0.1419
149,2.16,2.96,0.6572,0.7265,0.9271,-0.00544,0.1943,197.9,0.2699,0.4042,0.1473
150,82.63,40.14,0.3576,0.4806,0.7448,0.01411,0.1383,487.0,0.3873,0.5365,0.1889
151,89.62,89.56,0.6516,0.7314,0.8059,-0.00088,0.4021,712.2,0.1543,0.4595,0.3489
152,14.02,67.16,0.3384,0.435,0.554,0.00205,0.5933,463.9,0.2156,0.962,0.2887
153,55.4,23.77,0.3614,0.4677,0.6212,0.01179,0.436,752.4,0.2598,0.7068,0.2571
154,10.86,85.28,0.5135,0.5593,0.6199,-0.00897,0.4554,390.7,0.1064,0.9957,0.274
155,67.22,34.8,0.327,0.4696,0.6316,-0.00993,0.5923,447.7,0.3046,0.2951,0.3055
156,28.12,85.33,0.3211,0.6543,0.7706,-0.00196,0.439,959.3,0.4494,0.7891,0.5888
157,65.94,29.89,0.3002,0.258,0.4062,0.00827,0.1201,1060.1,0.106,0.5556,-0.1658
158,72.7,59.03,0.4745,0.6004,0.7567,-0.01331,0.5335,420.3,0.2822,0.6118,0.2872
159,76.86,39.69,0.6098,0.649,0.9189,-0.01668,0.2823,707.2,0.309,0.9859,0.0677
160,10.77,27.48,0.3139,0.4601,0.5777,0.00824,0.1022,369.9,0.2638,0.654,0.3833
161,91.6,88.66,0.5609,0.6646,0.9381,-0.00603,0.3536,111.3,0.3772,0.8988,0.1594
162,23.02,18.76,0.6293,0.7902,0.9467,-0.00392,0.5685,898.5,0.3174,0.7258,0.3396
163,3.74,8.48,0.3672,0.5612,0.6932,-0.01857,0.2287,246.7,0.326,0.1274,0.4237
164,55.49,34.19,0.3587,0.4741,0.6498,-0.00679,0.3458,539.6,0.291,0.6994,0.2473
165,37.09,71.76,0.6443,0.8349,0.9893,-8e-05,0.1869,610.1,0.345,0.4843,0.3816
166,82.98,80.74,0.6292,0.5417,0.656,0.0093,0.1288,262.1,0.0268,0.9188,-0.6203
167,80.83,99.87,0.5156,0.7428,0.9185,-0.00771,0.1403,158.7,0.4029,0.8068,0.3928
168,31.71,29.64,0.6277,0.7577,0.8456,0.01657,0.4635,450.2,0.218,0.1041,0.425
169,95.29,40.79,0.3371,0.5233,0.6613,-0.00685,0.532,1145.1,0.3242,0.1339,0.4029
170,29.09,13.68,0.4578,0.4602,0.6517,-0.00683,0.1716,757.4,0.1939,0.0696,0.0063
171,51.51,57.49,0.5951,0.6287,0.782,0.01537,0.2442,488.6,0.1869,0.4932,0.0986
172,25.6,99.76,0.403,0.5147,0.7706,0.00211,0.1975,94.7,0.3677,0.0808,0.1791
173,93.6,70.09,0.6009,0.6996,0.8137,-0.00552,0.1134,740.3,0.2128,0.7237,0.3016
174,16.46,59.52,0.5017,0.6243,0.9168,-0.00155,0.3767,156.1,0.4151,0.5524,0.1733
175,4.49,39.24,0.6001,0.7869,1.0,0.01353,0.45,673.9,0.3999,0.8359,0.3047
176,43.51,91.53,0.4859,0.4447,0.7366,0.01466,0.4239,914.7,0.2507,0.2798,-0.076
177,99.24,49.69,0.4472,0.6251,0.8846,-0.00817,0.294,537.1,0.4374,0.5191,0.2553
178,89.17,13.44,0.3877,0.4883,0.5739,-0.00042,0.3775,394.3,0.1862,0.1175,0.3705
179,74.86,36.54,0.3834,0.467,0.6487,0.0009,0.147,104.5,0.2653,0.8846,0.1873
180,89.08,6.72,0.6006,0.5829,0.6754,-0.00986,0.1772,78.5,0.0748,0.175,-0.1057
181,89.34,20.2,0.3476,0.4878,0.7424,-0.00056,0.5659,544.5,0.3948,0.1024,0.216
182,51.89,1.77,0.3344,0.2413,0.4373,5e-05,0.4808,1065.8,0.1029,0.2051,-0.3115
183,31.59,45.33,0.3705,0.5224,0.6383,0.0114,0.5614,330.7,0.2677,0.8062,0.3959
184,77.2,63.45,0.3701,0.3508,0.6332,0.01207,0.5583,710.2,0.263,0.1058,-0.0355
185,66.17,34.33,0.6292,0.7335,0.8123,-0.00329,0.4247,837.0,0.1831,0.6144,0.3982
186,37.37,42.04,0.4594,0.5499,0.7408,-0.00214,0.5641,120.0,0.2814,0.7462,0.1915
187,9.45,95.92,0.6962,0.8897,1.0,0.00664,0.3084,226.1,0.3038,0.7511,0.4674
188,74.68,75.2,0.3549,0.4406,0.5053,-0.00585,0.1018,431.0,0.1504,0.1901,0.3984
189,26.25,54.09,0.5614,0.6059,0.8053,0.00589,0.1313,820.6,0.2439,0.0616,0.1003
190,93.68,28.45,0.4795,0.539,0.7929,-0.00088,0.1547,554.9,0.3134,0.4488,0.1048
191,24.1,89.7,0.4572,0.659,0.7259,-0.00969,0.1477,894.3,0.2687,0.2025,0.6014
192,12.28,23.51,0.65,0.7929,0.971,-0.00957,0.2759,1047.7,0.321,0.6993,0.2864
193,83.11,32.53,0.6902,0.7594,0.874,0.01447,0.4506,922.1,0.1838,0.3567,0.2317
194,15.33,90.91,0.6491,0.7302,0.946,-0.00156,0.4953,1191.1,0.2968,0.4494,0.1582
195,17.93,52.95,0.3769,0.3515,0.4312,0.0164,0.3951,917.5,0.0543,0.1135,-0.1894
196,59.94,74.23,0.3883,0.5194,0.8037,-0.00514,0.1732,1030.0,0.4153,0.5676,0.1874
197,87.46,59.07,0.5624,0.5216,0.7953,0.00291,0.474,1007.2,0.2329,0.1855,-0.0805
198,19.64,65.34,0.4156,0.5758,0.6723,0.02393,0.2774,889.8,0.2566,0.679,0.4535
199,31.03,29.94,0.5939,0.7042,0.835,-0.01057,0.1065,972.1,0.2411,0.0712,0.2965
200,77.74,24.14,0.5266,0.8175,1.0,-0.01898,0.2403,1124.9,0.4734,0.9759,0.4436
201,97.18,32.25,0.5204,0.5324,0.7619,0.01287,0.2653,596.5,0.2415,0.6845,0.0255
202,50.07,15.54,0.6314,0.7232,0.8839,-0.00827,0.2371,784.0,0.2525,0.1817,0.2222
203,14.39,87.43,0.5842,0.8281,0.9171,-0.00021,0.5059,642.2,0.3329,0.0141,0.5779
204,1.39,28.32,0.3106,0.5059,0.582,-0.00586,0.48,1028.7,0.2713,0.3345,0.5622
205,22.97,56.15,0.3198,0.3641,0.664,0.00268,0.4478,546.1,0.3442,0.1528,0.0688
206,13.18,79.2,0.5406,0.6585,0.8224,-0.00951,0.1695,992.7,0.2818,0.2184,0.2646
207,67.77,78.38,0.4945,0.5946,0.8628,-0.0018,0.5039,969.3,0.3683,0.8728,0.1574
208,12.18,43.84,0.4041,0.5266,0.6972,0.0045,0.4386,1156.2,0.2932,0.6032,0.2643
209,50.63,47.63,0.4675,0.5116,0.7922,-0.01008,0.1974,336.3,0.3247,0.1765,0.0729
210,69.43,99.47,0.6032,0.696,0.768,-0.007,0.424,866.1,0.1648,0.5567,0.3922
211,58.11,67.46,0.6306,0.6028,0.6813,-0.00347,0.3418,920.5,0.0507,0.2558,-0.2156
212,19.98,81.46,0.5245,0.6353,0.9177,-0.01429,0.3197,1126.7,0.3932,0.9762,0.164
213,80.41,90.26,0.4541,0.5901,0.877,-0.00423,0.1561,1092.9,0.4229,0.0328,0.1916
214,71.54,78.76,0.4083,0.4901,0.6188,0.00119,0.3592,709.6,0.2105,0.7323,0.2412
215,73.9,18.52,0.5088,0.4796,0.6184,-0.004,0.15,716.0,0.1096,0.773,-0.1176
216,13.11,56.22,0.4259,0.605,0.7681,-0.00271,0.1821,242.4,0.3422,0.0672,0.3544
217,12.38,10.19,0.5256,0.6548,0.8088,-0.0002,0.1663,1171.2,0.2832,0.1719,0.2954
218,92.76,65.29,0.5707,0.6126,0.7101,-0.00656,0.5771,343.3,0.1394,0.3843,0.1769
219,39.76,95.53,0.3264,0.404,0.6786,0.00691,0.2424,883.4,0.3521,0.8682,0.1237
220,30.09,51.27,0.3004,0.2804,0.3937,0.01436,0.2776,965.2,0.0933,0.537,-0.0971
221,48.86,43.3,0.3849,0.4029,0.6292,-0.00464,0.261,557.4,0.2443,0.6553,0.0382
222,66.29,3.58,0.6578,0.7148,0.7816,0.00485,0.5491,292.9,0.1238,0.783,0.299
223,95.56,95.98,0.5585,0.7568,0.8165,-0.0024,0.3815,267.3,0.258,0.8281,0.6242
224,28.64,10.3,0.3688,0.4176,0.6311,0.00365,0.5596,1035.0,0.2623,0.4763,0.1027
225,92.48,4.11,0.6561,0.8073,0.9421,0.01566,0.25,637.4,0.286,0.5088,0.3594
226,2.49,24.61,0.488,0.5449,0.7588,0.00509,0.1574,153.7,0.2708,0.718,0.1175
227,55.52,6.55,0.4904,0.6103,0.6838,-0.01773,0.3781,874.6,0.1933,0.2633,0.4491
228,63.4,45.51,0.6742,0.7629,1.0,0.00454,0.2728,337.7,0.3258,0.8545,0.1576
229,10.59,51.61,0.3238,0.4936,0.7308,0.01233,0.501,1057.9,0.407,0.0208,0.2637
230,14.03,31.26,0.3861,0.4433,0.7124,-0.00222,0.5397,406.0,0.3263,0.1958,0.0961
231,41.91,5.1,0.5343,0.5085,0.5926,0.00996,0.3363,280.3,0.0583,0.8002,-0.1812
232,96.62,11.16,0.3782,0.3676,0.4977,-0.0069,0.5857,147.6,0.1195,0.3403,-0.0423
233,59.6,38.45,0.5718,0.6293,0.7713,-0.01486,0.3765,638.3,0.1995,0.1498,0.1682
234,93.3,6.05,0.3856,0.3857,0.57,0.00141,0.2355,568.3,0.1844,0.1868,0.0002
235,80.44,69.82,0.3397,0.4725,0.5967,-0.01756,0.3445,914.0,0.257,0.5308,0.3484
236,46.74,20.7,0.3828,0.4455,0.5107,-0.0024,0.1187,584.3,0.1279,0.8462,0.325
237,78.48,30.21,0.4691,0.7591,0.9013,0.01287,0.502,445.4,0.4322,0.0707,0.5048
238,1.78,39.41,0.3705,0.3314,0.4451,-0.0191,0.1507,350.9,0.0746,0.0305,-0.2073
239,10.91,41.66,0.3539,0.4702,0.6166,-0.01279,0.2544,369.9,0.2628,0.4652,0.2842
240,82.94,0.17,0.6441,0.6539,0.7531,-0.01032,0.3827,1117.0,0.109,0.9562,0.0469
241,79.68,11.21,0.4282,0.4887,0.6042,-0.00063,0.1215,239.8,0.176,0.279,0.2077
242,23.26,86.28,0.4443,0.5556,0.7624,-0.00366,0.1397,1186.4,0.3181,0.9592,0.2121
243,53.08,0.12,0.3221,0.2361,0.3831,0.01399,0.4481,426.0,0.061,0.8877,-0.4135
244,60.6,50.82,0.4429,0.5619,0.6982,0.00954,0.1359,151.6,0.2553,0.2831,0.3037
245,86.77,48.95,0.4059,0.6582,0.8416,0.00495,0.3385,336.0,0.4357,0.8169,0.4074
246,60.31,33.31,0.5442,0.6079,0.8509,0.00146,0.2693,117.2,0.3067,0.6859,0.1159
247,41.26,43.13,0.3822,0.5029,0.6477,0.00393,0.214,958.5,0.2655,0.5118,0.2944
248,37.42,78.06,0.6553,0.8373,1.0,-0.00862,0.1944,639.4,0.3447,0.4229,0.3587
249,42.59,84.12,0.6719,0.7588,1.0,0.00857,0.4817,437.5,0.3281,0.8155,0.1526
250,65.19,26.03,0.3399,0.3935,0.574,-0.01112,0.5758,811.4,0.234,0.7931,0.1291
251,86.75,32.25,0.343,0.2609,0.5384,0.00835,0.1701,775.2,0.1954,0.7569,-0.1735
252,45.39,24.25,0.3461,0.4974,0.7458,0.01186,0.5798,1130.9,0.3997,0.9983,0.2334
253,24.78,47.99,0.5478,0.6388,0.7035,0.00211,0.3974,1155.4,0.1556,0.4785,0.4128
254,23.67,68.33,0.3488,0.3678,0.525,-0.00176,0.4208,832.8,0.1763,0.8069,0.0569
255,74.6,22.83,0.641,0.7511,0.9757,0.004,0.455,990.5,0.3347,0.8625,0.1969
256,81.66,33.07,0.6017,0.655,0.9517,-0.02862,0.4521,961.3,0.35,0.2116,0.0824
257,10.53,93.04,0.6279,0.6856,0.8502,0.00302,0.5099,615.0,0.2223,0.0421,0.1492
258,6.66,4.86,0.5104,0.6589,0.7321,-0.00113,0.3417,860.1,0.2217,0.4047,0.5036
259,59.44,46.08,0.6987,0.6916,0.8821,-0.00051,0.3667,140.0,0.1834,0.8567,-0.0189
260,14.62,71.16,0.3177,0.5015,0.5831,0.00707,0.2619,921.7,0.2654,0.2891,0.5295
261,82.47,15.05,0.4605,0.4487,0.6866,-0.00075,0.1526,1156.1,0.2261,0.7,-0.0255
262,31.03,4.74,0.4296,0.4766,0.6535,-0.0114,0.4323,147.7,0.2239,0.0073,0.1172
263,14.39,13.82,0.6795,0.9333,1.0,-0.00141,0.1168,1011.5,0.3205,0.3554,0.6555
264,92.1,91.88,0.5307,0.7209,0.9883,0.00068,0.2378,1122.9,0.4575,0.6155,0.2624
265,16.55,0.93,0.6225,0.7303,0.9375,0.00115,0.1471,310.1,0.315,0.1298,0.2064
266,28.47,18.83,0.3681,0.3929,0.596,0.00162,0.1954,653.5,0.2279,0.8966,0.0574
267,15.36,3.13,0.6915,0.7491,0.9878,0.01039,0.4194,1117.0,0.2963,0.1563,0.1078
268,11.55,11.06,0.4995,0.6053,0.8659,-0.01086,0.4142,1154.3,0.3665,0.9098,0.1688
269,2.11,62.01,0.4975,0.6005,0.8677,0.00176,0.3105,197.1,0.3703,0.2164,0.1616
270,5.54,24.16,0.6884,0.7811,0.8402,0.0129,0.1451,451.4,0.1518,0.9943,0.4396
271,17.46,56.92,0.4523,0.5498,0.7389,-0.01735,0.3167,852.9,0.2866,0.6047,0.2051
272,5.34,59.02,0.459,0.5419,0.6459,0.0018,0.2764,304.8,0.1869,0.0843,0.2847
273,59.11,84.94,0.5339,0.5185,0.7836,-0.00585,0.4602,423.5,0.2497,0.0653,-0.0298
274,68.07,0.47,0.3512,0.4099,0.622,-0.00371,0.3895,76.8,0.2708,0.0749,0.1215
275,39.36,85.34,0.4284,0.6016,0.7567,-0.00905,0.3458,226.5,0.3282,0.5899,0.3583
276,31.8,61.91,0.3773,0.3678,0.4648,-0.0017,0.3435,696.7,0.0876,0.8096,-0.0513
277,50.45,16.27,0.3413,0.4261,0.5609,0.01841,0.5831,801.1,0.2196,0.403,0.2394
278,87.5,77.29,0.6465,0.6809,0.9068,-0.01264,0.4781,796.2,0.2604,0.4448,0.0708
279,85.11,85.55,0.5357,0.6446,0.7457,-0.0117,0.3485,945.1,0.21,0.5893,0.3501
280,4.35,25.43,0.4435,0.5124,0.5858,-0.01302,0.3396,527.6,0.1423,0.533,0.3195
281,18.15,91.88,0.4635,0.6817,0.9537,0.01727,0.1132,364.5,0.4902,0.6881,0.2863
282,23.67,45.45,0.4726,0.6131,0.8542,-0.00462,0.5713,67.9,0.3816,0.4718,0.2257
283,24.94,60.34,0.5533,0.5483,0.6483,-0.00026,0.2596,287.6,0.095,0.7139,-0.0254
284,57.12,98.46,0.6707,0.8244,0.9475,-0.00403,0.228,409.2,0.2768,0.9973,0.3844
285,41.63,36.15,0.6731,0.7111,1.0,-0.00944,0.5997,254.9,0.3269,0.3503,0.0618
286,4.93,81.32,0.4566,0.5104,0.7375,-0.00235,0.4593,73.2,0.2809,0.0122,0.106
287,37.36,31.84,0.4317,0.5568,0.7594,0.02458,0.1237,231.1,0.3277,0.1256,0.2359
288,52.38,79.92,0.4804,0.5411,0.668,0.01392,0.1309,816.0,0.1876,0.5535,0.1929
289,10.17,60.07,0.5272,0.6986,0.8234,-0.00853,0.1128,774.0,0.2962,0.3443,0.4072
290,83.35,21.64,0.4847,0.5228,0.5826,0.00648,0.3998,1126.0,0.0979,0.94,0.2411
291,5.2,41.4,0.5635,0.614,0.8461,-0.00832,0.1358,967.9,0.2826,0.6274,0.0981
292,92.48,31.76,0.5218,0.5692,0.63,-0.01776,0.5667,702.9,0.1083,0.5204,0.2809
293,9.91,7.81,0.4283,0.483,0.5342,0.0102,0.5685,208.2,0.106,0.798,0.3483
294,84.36,2.98,0.4383,0.6262,0.8586,0.0116,0.373,698.7,0.4203,0.2586,0.2879
295,90.27,34.65,0.4514,0.6017,0.889,0.01046,0.4083,120.8,0.4375,0.8197,0.2074
296,97.96,1.9,0.3379,0.5747,0.8138,-0.0047,0.2459,545.5,0.4759,0.0031,0.3312
297,80.2,16.55,0.3664,0.6478,0.8157,-0.00167,0.132,498.8,0.4493,0.6197,0.4559
298,77.95,72.52,0.5892,0.6068,0.7783,0.0075,0.4687,542.0,0.1891,0.9348,0.0487
299,64.25,70.81,0.4556,0.5613,0.7203,0.00391,0.1509,371.8,0.2647,0.7879,0.2493
300,77.9,73.86,0.3858,0.3917,0.5229,-0.00394,0.1428,838.7,0.1371,0.8536,0.022
301,13.46,31.72,0.5251,0.5629,0.7433,-0.01619,0.2556,1017.1,0.2182,0.397,0.0948
302,53.61,89.0,0.6022,0.6518,0.8096,0.00114,0.1062,933.8,0.2074,0.8242,0.1358
303,51.42,59.38,0.403,0.4184,0.6179,0.01079,0.317,771.9,0.215,0.5508,0.0372
304,85.76,12.6,0.6307,0.6466,0.9211,-0.01198,0.4538,669.1,0.2904,0.6185,0.0281
305,46.28,14.37,0.671,0.7595,1.0,0.00639,0.5007,85.7,0.329,0.0589,0.1553
306,38.51,69.31,0.539,0.5416,0.6113,0.00332,0.4022,881.4,0.0723,0.2016,0.0187
307,63.96,17.29,0.5676,0.7349,0.8811,0.0075,0.5234,676.7,0.3135,0.551,0.3641
308,26.65,50.73,0.321,0.3476,0.4428,0.00872,0.3033,361.4,0.1218,0.0588,0.1225
309,13.98,99.18,0.6782,1.0,1.0,-0.00694,0.5244,427.0,0.3218,0.7414,1.0
310,47.79,0.4,0.457,0.5209,0.6428,-0.01617,0.3532,1125.9,0.1858,0.8401,0.2077
311,41.69,1.66,0.6696,0.7753,0.869,-0.00534,0.2115,768.0,0.1994,0.9204,0.3609
312,23.26,99.31,0.5316,0.528,0.769,0.00889,0.5721,597.3,0.2374,0.1018,-0.0076
313,36.75,58.46,0.3018,0.5383,0.7124,-0.00542,0.2375,764.1,0.4106,0.9397,0.4045
314,36.64,12.69,0.3154,0.505,0.7848,-0.00694,0.1131,525.8,0.4694,0.0676,0.253
315,32.75,89.73,0.5722,0.6959,0.7541,-0.01821,0.2213,590.7,0.1819,0.4741,0.5155
316,37.95,88.04,0.5251,0.5173,0.5841,0.01753,0.2833,383.9,0.059,0.8403,-0.0616
317,68.57,53.62,0.3106,0.4275,0.5783,0.00826,0.2757,555.8,0.2677,0.0703,0.2792
318,29.69,62.18,0.5974,0.6077,0.6777,0.0077,0.3623,838.4,0.0804,0.0182,0.0684
319,94.89,27.32,0.6409,0.8578,0.9735,0.00968,0.5416,95.9,0.3327,0.0249,0.484
320,91.63,5.05,0.4986,0.6633,0.9598,0.00577,0.2462,964.3,0.4612,0.5113,0.2174
321,48.09,59.46,0.4863,0.5939,0.6962,-0.00244,0.3604,375.4,0.2099,0.8116,0.3449
322,32.84,29.48,0.3022,0.2073,0.3068,-0.00164,0.2701,834.9,0.0046,0.1274,
323,53.54,66.36,0.6147,0.636,0.8294,-0.00428,0.5109,789.1,0.2147,0.1246,0.0523
324,84.86,83.62,0.4323,0.5873,0.7618,0.02635,0.1788,800.5,0.3295,0.5685,0.3076
325,65.26,1.82,0.6515,0.8485,1.0,0.00556,0.1518,749.3,0.3485,0.2343,0.3941
326,80.44,59.57,0.4492,0.638,0.7821,-0.00464,0.3515,1153.0,0.3329,0.7302,0.3956
327,53.27,23.13,0.526,0.4987,0.7554,0.00465,0.4359,634.6,0.2293,0.9496,-0.0563
328,63.29,87.39,0.4081,0.5323,0.6169,-0.01011,0.4978,892.2,0.2088,0.766,0.423
329,28.82,25.37,0.3642,0.5455,0.7026,0.01505,0.3948,861.3,0.3383,0.8772,0.3658
330,73.49,61.08,0.61,0.5773,0.7997,-0.00661,0.4869,321.7,0.1898,0.5196,-0.0792
331,20.24,55.35,0.4986,0.598,0.8651,0.00501,0.2964,375.8,0.3664,0.8323,0.1569
332,69.48,39.62,0.5146,0.6365,0.7789,0.01066,0.1164,537.6,0.2643,0.1829,0.2998
333,86.07,67.76,0.6862,0.7621,0.954,0.00385,0.158,369.4,0.2679,0.0683,0.1652
334,13.21,72.58,0.6854,0.6373,0.7045,0.00094,0.1194,471.8,0.0191,0.656,
335,61.44,56.69,0.6423,0.7162,0.8088,0.00011,0.2645,499.6,0.1665,0.052,0.2854
336,9.51,75.84,0.375,0.4489,0.5161,-0.00056,0.3477,744.4,0.1411,0.8925,0.3542
337,72.57,98.34,0.5377,0.6259,0.8578,-0.00577,0.2782,302.9,0.3201,0.6916,0.1597
338,8.45,41.93,0.6513,0.7062,0.8282,-0.00449,0.3803,974.9,0.1769,0.9522,0.1837
339,93.59,51.46,0.4498,0.5143,0.7453,0.0148,0.3403,553.2,0.2955,0.3139,0.1226
340,13.74,1.25,0.3404,0.4373,0.5039,-0.00109,0.439,862.2,0.1634,0.4862,0.4209
341,95.89,79.6,0.6244,0.7598,1.0,-0.00786,0.4335,143.7,0.3756,0.7417,0.2199
342,80.09,52.02,0.4927,0.5684,0.8272,-0.00516,0.259,590.5,0.3345,0.2428,0.1275
343,59.37,40.8,0.5258,0.593,0.6652,0.011,0.2731,82.5,0.1395,0.5418,0.3176
344,78.26,9.41,0.6929,0.8002,0.8562,0.00676,0.3926,827.3,0.1633,0.6595,0.4898
345,79.51,88.97,0.5429,0.4892,0.5533,0.0056,0.3982,445.3,0.0104,0.9788,
346,94.6,39.5,0.47,0.6082,0.8716,-0.00258,0.2573,1141.6,0.4016,0.7447,0.2078
347,25.34,68.26,0.448,0.5479,0.6566,0.00573,0.2652,422.7,0.2086,0.1181,0.315
348,59.01,14.94,0.467,0.5702,0.7573,-0.00644,0.447,698.4,0.2902,0.4753,0.2162
349,9.5,96.15,0.3474,0.5242,0.6808,-0.0026,0.4237,346.0,0.3334,0.5888,0.361
350,61.62,17.84,0.6179,0.5617,0.8106,0.0097,0.1675,763.1,0.1927,0.1466,-0.1273
351,17.13,19.95,0.6351,0.5772,0.7494,0.00874,0.3205,587.1,0.1143,0.432,-0.2021
352,56.5,85.9,0.4138,0.5357,0.7108,-0.00982,0.5464,476.2,0.2971,0.284,0.2581
353,57.24,91.26,0.4215,0.5209,0.8182,-0.00856,0.1182,284.2,0.3967,0.1188,0.1433
354,46.6,21.21,0.6497,0.7633,0.8509,0.00109,0.5276,178.2,0.2011,0.512,0.3936
355,52.26,46.98,0.3096,0.3726,0.6303,0.01726,0.1816,187.9,0.3207,0.1656,0.109
356,76.39,73.35,0.5082,0.6613,0.7243,-0.01916,0.3536,1198.9,0.2161,0.5905,0.5489
357,79.92,87.84,0.4855,0.6601,0.8295,0.00278,0.3122,524.2,0.344,0.1697,0.3401
358,49.22,37.91,0.5761,0.7148,0.9864,-0.01376,0.1051,52.2,0.4103,0.7236,0.2034
359,59.96,51.7,0.3654,0.4445,0.6608,-0.00634,0.5577,1145.9,0.2954,0.1952,0.1546
360,93.12,74.17,0.5673,0.4987,0.72,-0.00364,0.3275,73.0,0.1527,0.8963,-0.1835
361,11.97,73.11,0.4507,0.6122,0.7281,-0.00421,0.5771,531.4,0.2774,0.0262,0.4108
362,11.71,78.3,0.5475,0.7452,0.8999,-0.00534,0.2434,875.1,0.3524,0.522,0.39
363,8.77,56.99,0.316,0.4676,0.6092,7e-05,0.5331,1101.8,0.2932,0.3201,0.3485
364,65.79,10.46,0.4847,0.5143,0.6947,-0.00535,0.5612,869.8,0.21,0.2251,0.0759
365,41.86,90.4,0.5089,0.6628,0.8284,-0.01462,0.3784,583.2,0.3195,0.4716,0.3173
366,77.43,86.56,0.3857,0.5546,0.6863,0.0078,0.2013,1170.6,0.3006,0.842,0.3906
367,67.12,79.81,0.3558,0.5806,0.7069,0.00753,0.4426,95.2,0.3511,0.9153,0.4706
368,33.36,9.99,0.3754,0.4053,0.518,0.00843,0.3745,1184.9,0.1426,0.3032,0.1171
369,89.84,20.44,0.4377,0.5195,0.6608,-0.01541,0.5723,1026.8,0.2231,0.1542,0.2247
370,76.25,74.36,0.3387,0.4985,0.586,0.00299,0.3196,1118.3,0.2473,0.7201,0.4773
371,27.05,2.31,0.6789,0.7835,1.0,0.00676,0.2343,343.0,0.3211,0.582,0.1946
372,36.42,97.92,0.462,0.4726,0.6731,-0.01031,0.1691,213.8,0.2111,0.201,0.0258
373,31.44,37.71,0.6236,0.7568,0.8402,9e-05,0.4493,812.8,0.2166,0.7603,0.4438
374,15.76,71.93,0.6898,0.8361,1.0,-0.00116,0.5871,643.2,0.3102,0.5189,0.3085
375,14.78,88.76,0.3323,0.4393,0.7012,0.01842,0.1142,651.6,0.369,0.6534,0.1697
376,93.61,39.46,0.5607,0.6782,0.7876,0.01924,0.4702,1113.3,0.227,0.3593,0.3496
377,43.79,31.91,0.6486,0.7279,0.8155,-0.01664,0.5635,763.1,0.167,0.4391,0.3115
378,38.33,60.87,0.5537,0.772,0.8241,0.02494,0.1374,407.7,0.2704,0.1803,0.6766
379,72.97,58.1,0.4716,0.4996,0.5614,-0.00915,0.1551,510.1,0.0898,0.7565,0.1844
380,55.3,40.91,0.4724,0.5254,0.766,0.00981,0.446,203.5,0.2936,0.157,0.0993
381,93.61,60.18,0.3144,0.4152,0.712,0.0097,0.424,271.2,0.3977,0.7783,0.1453
382,78.03,93.54,0.5138,0.6842,0.7454,-0.00996,0.1344,214.9,0.2315,0.798,0.5818
383,47.94,46.76,0.6974,0.6776,0.9146,0.00493,0.5172,981.8,0.2172,0.7466,-0.0436
384,37.64,19.67,0.6835,0.6787,0.7466,-0.00108,0.3617,860.6,0.0631,0.0194,-0.0368
385,98.66,37.72,0.3162,0.2531,0.4512,0.00554,0.5536,659.9,0.135,0.2731,-0.1892
386,71.78,39.41,0.5823,0.6849,0.924,0.00231,0.539,480.5,0.3416,0.4683,0.1767
387,95.12,13.11,0.4207,0.4312,0.571,0.01196,0.5063,818.8,0.1503,0.5955,0.0363
388,11.85,16.29,0.6612,0.7304,0.7832,0.00075,0.3579,984.8,0.122,0.9192,0.3963
389,85.05,68.46,0.318,0.471,0.6698,-0.00168,0.2259,1063.4,0.3517,0.3756,0.2778
390,63.71,33.95,0.6743,0.723,1.0,0.01096,0.353,679.1,0.3257,0.875,0.0808
391,12.19,95.49,0.635,0.7535,0.8679,0.0058,0.1504,992.9,0.2329,0.1634,0.3412
392,58.83,24.36,0.347,0.4231,0.5204,0.00732,0.4294,638.0,0.1734,0.3713,0.2808
393,68.61,9.89,0.3239,0.4777,0.5587,-0.00665,0.167,595.7,0.2348,0.0523,0.487
394,1.23,75.35,0.6339,0.7719,0.9607,-0.01045,0.3556,1045.2,0.3268,0.7425,0.2676
395,45.43,88.1,0.3623,0.4069,0.6061,-0.00568,0.1272,494.3,0.2438,0.1507,0.1008
396,82.54,27.81,0.514,0.6005,0.8485,-0.00621,0.2498,505.3,0.3346,0.257,0.1485
397,29.54,20.21,0.6663,0.8498,1.0,0.00786,0.216,400.6,0.3337,0.7752,0.3792
398,45.85,18.58,0.527,0.6584,0.9316,0.00976,0.41,646.5,0.4046,0.5347,0.194
399,44.23,52.2,0.4589,0.4471,0.6986,-0.00155,0.4934,676.6,0.2397,0.014,-0.0239
400,30.19,46.84,0.478,0.6305,0.7423,0.01431,0.1287,809.5,0.2643,0.0022,0.4054
401,91.84,25.94,0.3252,0.3385,0.5274,0.01368,0.5251,545.1,0.2022,0.5107,0.0338
402,78.13,4.52,0.6875,0.9005,1.0,0.00243,0.5304,300.5,0.3125,0.305,0.517
403,11.06,48.15,0.4243,0.6062,0.7386,-0.00822,0.2711,1046.9,0.3144,0.1803,0.4072
404,99.7,95.93,0.3757,0.4989,0.7819,0.01575,0.4295,447.9,0.4062,0.6136,0.1788
405,87.92,65.25,0.4144,0.527,0.7475,-0.00061,0.3013,1111.4,0.3331,0.2284,0.2034
406,28.39,49.55,0.6857,0.769,1.0,0.00126,0.1771,288.5,0.3143,0.5922,0.1527
407,83.69,11.07,0.3377,0.492,0.6462,-0.0034,0.3643,694.1,0.3085,0.3793,0.3334
408,10.64,25.24,0.6469,0.7173,0.9016,-0.0089,0.1432,667.1,0.2547,0.1867,0.1602
409,99.91,29.48,0.5831,0.702,0.8738,-0.01469,0.5392,1002.9,0.2906,0.1381,0.257
410,66.57,76.48,0.632,0.8018,0.8786,0.00633,0.5621,209.7,0.2466,0.2369,0.5249
411,65.01,87.67,0.6904,0.7454,0.8546,-0.00783,0.5108,1096.4,0.1642,0.0298,0.2014
412,9.04,90.16,0.6369,0.6876,0.8695,0.0306,0.3813,661.1,0.2326,0.3081,0.1223
413,89.7,98.46,0.6774,0.6818,0.7486,-0.01086,0.3788,724.0,0.0713,0.902,0.0322
414,2.9,98.24,0.3508,0.3656,0.6485,-0.01257,0.5923,636.7,0.2977,0.8314,0.0256
415,24.08,95.3,0.6183,0.572,0.653,0.0051,0.224,91.4,0.0347,0.372,-0.4001
416,14.3,7.18,0.5183,0.6767,0.7762,0.01529,0.138,621.7,0.2579,0.5758,0.4432
417,77.68,13.78,0.5174,0.7621,1.0,0.00065,0.381,353.1,0.4826,0.5674,0.3396
418,19.82,30.45,0.6596,0.8736,0.9478,0.00572,0.2644,444.1,0.2883,0.8287,0.5904
419,91.06,55.29,0.6887,0.6586,0.9337,-0.01844,0.2612,796.5,0.245,0.2363,-0.0579
420,65.63,9.7,0.5819,0.7399,0.9713,-0.00678,0.1035,622.4,0.3894,0.2964,0.2545
421,3.62,84.58,0.4932,0.7069,0.7741,-0.01074,0.3981,157.2,0.2809,0.3018,0.6141
422,0.54,61.68,0.4826,0.546,0.769,-0.01895,0.232,134.0,0.2864,0.0409,0.1246
423,5.17,54.24,0.4545,0.5627,0.7706,0.00117,0.1939,263.5,0.316,0.3147,0.2064
424,60.59,16.53,0.4446,0.384,0.6233,-0.02243,0.1202,269.5,0.1787,0.8779,-0.145
425,80.15,25.33,0.4566,0.5779,0.835,-0.01322,0.2822,749.5,0.3784,0.912,0.191
426,23.86,16.03,0.3359,0.3508,0.5804,-0.00537,0.5395,254.5,0.2445,0.1096,0.0315
427,84.94,85.19,0.331,0.4469,0.6435,-0.00831,0.2683,1064.0,0.3125,0.4581,0.2278
428,5.72,58.42,0.6119,0.5871,0.7177,0.00396,0.4395,291.2,0.1057,0.3813,-0.1053
429,80.1,73.51,0.4784,0.6219,0.8462,0.00306,0.4783,154.8,0.3677,0.4894,0.2423
430,92.78,29.6,0.6723,0.8542,1.0,0.00894,0.2641,1057.1,0.3277,0.5547,0.3843
431,77.21,37.13,0.5449,0.5822,0.7791,0.00752,0.5108,389.6,0.2342,0.0203,0.0866
432,69.81,40.49,0.3141,0.3231,0.5392,0.01141,0.4459,539.2,0.2251,0.8422,0.0205
433,83.8,76.0,0.363,0.2905,0.4498,-2e-05,0.3796,1152.9,0.0868,0.9737,-0.2945
434,4.02,77.24,0.3823,0.461,0.7,0.00303,0.1005,1136.0,0.3177,0.6534,0.1413
435,20.18,20.68,0.6903,0.7438,1.0,0.00512,0.1175,872.2,0.3097,0.6605,0.0945
436,12.49,94.15,0.3875,0.3634,0.4535,0.00142,0.5954,129.3,0.066,0.528,-0.1543
437,50.45,12.07,0.5063,0.6425,0.7431,-0.00397,0.4911,732.3,0.2368,0.3343,0.4037
438,74.52,89.61,0.6745,0.7385,0.9233,-0.00332,0.5688,1187.4,0.2489,0.149,0.1476
439,63.0,10.04,0.6909,0.7048,0.8752,-0.00818,0.5512,1139.0,0.1843,0.5841,0.0393
440,85.11,26.45,0.3945,0.4502,0.6431,0.00422,0.1102,171.9,0.2485,0.0449,0.126
441,15.52,84.65,0.3196,0.5054,0.5676,-0.00094,0.4959,505.4,0.248,0.8245,0.5986
442,73.46,17.95,0.3614,0.5097,0.6607,-0.00663,0.3256,412.9,0.2993,0.4209,0.3291
443,19.3,41.36,0.3253,0.4149,0.6107,-0.00662,0.4948,199.2,0.2853,0.4148,0.1862
444,27.08,44.99,0.378,0.5276,0.7239,-0.0121,0.1034,849.0,0.3458,0.3272,0.2758
445,70.99,24.53,0.5274,0.5346,0.7489,0.00979,0.2441,364.9,0.2215,0.9694,0.0164
446,98.02,71.02,0.665,0.7676,0.9976,0.00079,0.4757,446.6,0.3326,0.1749,0.1823
447,61.15,85.13,0.5149,0.6267,0.8371,-0.00863,0.4965,153.9,0.3222,0.1513,0.2099
448,5.45,87.46,0.5504,0.6128,0.8604,0.00809,0.4099,622.7,0.31,0.1655,0.1119
449,61.63,33.93,0.3807,0.5156,0.7218,-0.0056,0.2506,231.9,0.341,0.6585,0.2464
450,4.24,53.09,0.6202,0.6578,0.8422,-0.01407,0.2552,546.9,0.2219,0.9919,0.0925
451,88.41,24.84,0.5471,0.6879,0.8895,0.01021,0.5834,214.8,0.3423,0.2355,0.2589
452,70.96,24.48,0.6457,0.7898,0.8651,-0.00537,0.3196,1146.9,0.2194,0.9056,0.4891
453,17.31,16.13,0.6795,0.5462,0.6645,-0.00409,0.3236,216.7,0.0,0.2786,
454,9.17,94.0,0.4392,0.6344,0.8162,0.00041,0.3762,650.2,0.3771,0.6479,0.3493
455,18.35,88.8,0.3362,0.1924,0.4607,0.01143,0.3048,276.5,0.1244,0.0405,-0.3662
456,98.0,77.74,0.3904,0.4411,0.6609,0.0002,0.3763,137.8,0.2705,0.4957,0.1035
457,45.86,51.77,0.4751,0.6572,0.7298,-0.01199,0.3162,282.7,0.2546,0.6546,0.5563
458,78.41,49.06,0.6783,0.7529,0.951,0.00544,0.5134,113.0,0.2727,0.5363,0.1585
459,63.64,52.97,0.4513,0.434,0.5395,-0.00485,0.5545,210.3,0.0881,0.2378,-0.0893
460,57.24,53.66,0.6083,0.6208,0.8543,0.01888,0.5661,617.5,0.246,0.8285,0.0261
461,14.51,43.46,0.5162,0.6983,0.9552,-1e-05,0.3821,799.6,0.439,0.9701,0.2618
462,94.6,13.18,0.3731,0.3194,0.5178,-0.02235,0.3211,150.4,0.1446,0.4592,-0.1566
463,30.13,12.57,0.4283,0.6186,0.8165,0.00357,0.4526,557.2,0.3882,0.6359,0.3248
464,57.8,95.22,0.5613,0.6569,0.7915,0.01945,0.5192,718.4,0.2302,0.7904,0.262
465,69.98,48.2,0.5691,0.5737,0.7353,0.01576,0.3815,319.4,0.1662,0.2415,0.0141
466,64.92,95.32,0.4739,0.5273,0.7933,0.01831,0.45,477.9,0.3194,0.8645,0.0911
467,94.06,16.36,0.3915,0.4101,0.6409,-0.0102,0.4749,132.6,0.2495,0.2802,0.0388
468,14.84,55.44,0.5888,0.7581,0.938,0.00912,0.4382,303.2,0.3492,0.7758,0.3199
469,50.84,20.77,0.3675,0.5261,0.6682,-0.00722,0.4731,586.8,0.3007,0.1121,0.3582
470,40.4,25.32,0.6747,0.6371,0.6997,0.00224,0.2043,1189.0,0.0251,0.2884,-0.4282
471,47.42,3.01,0.3752,0.4429,0.5286,-0.01273,0.3492,1195.7,0.1535,0.5336,0.2831
472,11.92,11.9,0.3429,0.3739,0.4721,-0.00644,0.3941,1176.6,0.1292,0.5249,0.136
473,13.41,91.68,0.4991,0.7025,0.8459,-0.00676,0.1012,536.5,0.3468,0.8504,0.4151
474,27.81,32.15,0.5078,0.4998,0.7858,0.00899,0.528,142.8,0.278,0.9961,-0.0142
475,30.47,60.81,0.5033,0.7316,0.9079,0.00801,0.405,422.1,0.4046,0.1072,0.3931
476,42.79,46.5,0.4747,0.572,0.6807,0.00277,0.1646,323.4,0.206,0.2714,0.3092
477,61.1,40.05,0.6979,0.705,0.7814,-0.0135,0.5082,66.2,0.0835,0.3576,0.0441
478,63.46,53.19,0.4945,0.5403,0.6749,-0.00312,0.4585,159.5,0.1804,0.4789,0.1455
479,41.18,18.72,0.4912,0.527,0.781,-0.00746,0.4791,571.2,0.2898,0.4939,0.066
480,40.88,98.86,0.4687,0.4667,0.6126,0.0087,0.296,440.6,0.1439,0.8562,-0.0068
481,21.76,81.83,0.3267,0.4343,0.6774,0.01178,0.5271,257.4,0.3507,0.7706,0.1812
482,58.83,74.16,0.5372,0.5389,0.7896,0.01056,0.307,873.5,0.2524,0.0189,0.0035
483,31.7,46.88,0.3912,0.3168,0.3945,-0.00755,0.3853,460.7,0.0033,0.455,
484,3.61,15.29,0.555,0.6247,0.8268,-0.0274,0.1003,1029.6,0.2718,0.6181,0.1469
485,41.84,92.07,0.3203,0.2761,0.5659,-0.01767,0.4224,327.1,0.2455,0.4604,-0.0826
486,47.41,34.14,0.6926,0.7324,0.8829,0.01422,0.4591,669.2,0.1904,0.1306,0.1168
487,22.56,5.01,0.4876,0.5149,0.5776,-0.00401,0.3836,261.8,0.09,0.3975,0.1785
488,57.25,34.24,0.6587,0.689,0.9698,-0.00751,0.3483,619.6,0.3111,0.4117,0.0512
489,56.58,79.45,0.4902,0.7503,1.0,0.01643,0.505,225.3,0.5098,0.1877,0.3424
490,70.2,62.27,0.3241,0.4286,0.6092,0.01265,0.4407,235.8,0.285,0.7563,0.2245
491,64.79,75.08,0.6289,0.7485,0.9366,0.00024,0.239,754.1,0.3077,0.3214,0.2413
492,65.24,79.36,0.5593,0.5172,0.6201,-0.00293,0.5795,353.4,0.0608,0.589,-0.2572
493,31.62,21.2,0.6127,0.6604,0.9152,-0.00132,0.4536,248.2,0.3025,0.5157,0.0855
494,78.74,92.38,0.4713,0.5885,0.7631,0.00227,0.594,1119.2,0.2919,0.8774,0.2513
495,54.91,43.8,0.5552,0.5732,0.6317,0.016,0.5856,99.5,0.0765,0.122,0.1336
496,43.14,63.9,0.6425,0.8151,1.0,0.00422,0.5595,699.9,0.3575,0.1143,0.3183
497,62.6,0.23,0.5524,0.5562,0.8438,0.00726,0.4777,680.5,0.2914,0.3003,0.0065
498,36.07,99.34,0.4391,0.5162,0.7734,0.01169,0.4047,338.2,0.3344,0.4312,0.1303
499,51.27,28.09,0.565,0.6181,0.7374,-0.0117,0.1861,570.7,0.1724,0.2985,0.1821
