sample_id,regain_sen_slope_2000_2025,prcp_mm_mean_2000_2025,prcp_mm_slope_2000_2025,tmean_c_mean_2000_2025,tmean_c_slope_2000_2025,vpd_kpa_mean_2000_2025,vpd_kpa_slope_2000_2025,ssrd_wm2_mean_2000_2025,ssrd_wm2_slope_2000_2025,pet_mm_mean_2000_2025,pet_mm_slope_2000_2025,def_mm_mean_2000_2025,def_mm_slope_2000_2025,aet_mm_mean_2000_2025,aet_mm_slope_2000_2025,pdsi_mean_2000_2025,pdsi_slope_2000_2025,runoff_mm_mean_2000_2025,runoff_mm_slope_2000_2025,soil_water_rootzone_mean_2000_2025,soil_water_rootzone_slope_2000_2025,soil_water_top_mean_2000_2025,soil_water_top_slope_2000_2025,mndwi_mean_2000_2025,mndwi_slope_2000_2025,hydro_hand_m,hydro_log_upstream_area,hydro_stream_distance_km,hydro_twi_proxy,elevation_mean,slope_mean,terrain_northness_mean,terrain_eastness_mean,terrain_tpi_1km,terrain_tpi_5km,cropland_frac_mean_2000_2025,cropland_frac_slope_2000_2025,forest_frac_mean_2000_2025,forest_frac_slope_2000_2025,shrub_frac_mean_2000_2025,shrub_frac_slope_2000_2025,grass_frac_mean_2000_2025,grass_frac_slope_2000_2025,water_frac_mean_2000_2025,water_frac_slope_2000_2025,barren_frac_mean_2000_2025,barren_frac_slope_2000_2025,built_frac_mean_2000_2025,built_frac_slope_2000_2025,wetland_frac_mean_2000_2025,wetland_frac_slope_2000_2025,pop_log_density_2000,pop_log_change_2000_2020_per_year,ntl_viirs_mean_2014_2025,ntl_viirs_slope_2014_2025,road_dist_km,mdist_km,mcnt2k,mkde3k,mining_disturbance_intensity_2000_2025
cell_00005,0.0231505911797285,1644.4334810697114,-2.3490099993322637,18.24683636885423,0.0339773553049463,0.4838749170303345,0.001551711349748,159.69265747070312,-0.1008219942450523,2321.5202918419477,2.792142094017098,684.6053842397837,4.97772203233507,1028.43315241887,0.1394332181490384,-0.8378363626353496,0.042441151728602,621.271484375,-2.049571990966797,0.324092149734497,-5.497881375049474e-06,0.3257778882980346,-0.0001434350560884,-0.4855762879893943,-0.001986464462805,40.91108172910311,0.0604053970789606,20.0,-1.8886773459614377,298.3403621740623,16.311213070120132,-0.7326297336507516,0.0315077118754648,9.513932424936236,-97.85985553239338,0.0247334205919277,0.0001811490280718,0.9752665794426796,-0.0001811490280718,0.0,0.0,0.0,0.0,0.0,0.0,0.0,0.0,0.0,0.0,0,0,1.6069860888265095,0.0038895892676912,0.2441225151294457,0.0363150092794194,0.3644680636919794,5.049315656034983,0,0.0081267789657613,0.0
cell_00014,0.0219081472605466,1644.4334810697114,-2.3490099993322637,18.24683636885423,0.0339773553049463,0.4838749170303345,0.001551711349748,159.69265747070312,-0.1008219942450523,2321.5202918419477,2.792142094017098,684.6053842397837,4.97772203233507,1028.43315241887,0.1394332181490384,-0.8447678685188293,0.0421129241585731,621.271484375,-2.049571990966797,0.324092149734497,-5.497881375049474e-06,0.3257778882980346,-0.0001434350560884,-0.4522006353470136,-0.0025867402459417,18.613178909094632,0.4676946469219017,16.397058823529413,-0.8439564435043253,264.34243245650885,13.881357509795356,-0.4194002796008728,-0.0181374849195326,-13.45023595138002,-132.21823014393115,0.127105793820671,0.001896333143901,0.8728942073782354,-0.001896333143901,0.0,0.0,0.0,0.0,0.0,0.0,0.0,0.0,0.0,0.0,0,0,0.0,0.0,0.2494092313050283,0.0365385788295356,0.5829758741787523,4.550578968736354,0,0.0109195812694012,0.0
cell_00062,0.028035944327712,1625.642083671802,-2.507365059087737,18.33025426282765,0.0337850805835146,0.487144487278465,0.0015725393126201,159.7248310871475,-0.1006859249871387,2313.1022726015785,2.883016585476458,694.1041293387253,5.286907663172876,1029.458761557079,0.141419960406427,-0.8097924590110779,0.0426948219537735,612.1632579150598,-2.13003336462644,0.331107157156862,-7.787735893179811e-06,0.3324133154273538,-0.0001491581989749,-0.4957943113854419,-0.0006849602235177,59.58531294503005,0.0494189649048397,20.0,-1.994988185993516,283.5728778178023,18.891774718184045,-0.3480148038841373,0.2037608042259238,8.691868011212922,-56.346981779655614,0.0089560658037518,-9.736430284537315e-05,0.9910439337579648,9.736430284537315e-05,0.0,0.0,0.0,0.0,0.0,0.0,0.0,0.0,0.0,0.0,0,0,0.0,0.0,0.234958754059441,0.031931949523286,0.4935793550234535,4.037464534753569,0,0.0092737017252328,0.0
cell_00071,0.0148571822792291,1644.4334810697114,-2.3490099993322637,18.24683636885423,0.0339773553049463,0.4838749170303345,0.001551711349748,159.69265747070312,-0.1008219942450523,2321.5202918419477,2.792142094017098,684.6053842397837,4.97772203233507,1028.43315241887,0.1394332181490384,-0.8447678685188293,0.0421129241585731,621.271484375,-2.049571990966797,0.324092149734497,-5.497881375049474e-06,0.3257778882980346,-0.0001434350560884,-0.4521306021483157,-0.0009434438631533,66.01351726467837,0.1554121302394834,20.0,-1.3172962300651017,395.33177659290186,20.03415766533625,-0.0805368730562802,-0.8498511535698654,-81.32659605591414,-10.033165144831072,0.0401432490014187,0.0019166277364845,0.9598567510188236,-0.0019166277364845,0.0,0.0,0.0,0.0,0.0,0.0,0.0,0.0,0.0,0.0,0,0,0.0,0.0,0.2304464304767293,0.031552905225176,2.302622282321429,3.5518875397846403,0,0.0289307563159156,0.0
cell_00076,0.0161168277263641,1644.4334810697114,-2.3490099993322637,18.24683636885423,0.0339773553049463,0.4838749170303345,0.001551711349748,159.69265747070312,-0.1008219942450523,2321.5202918419477,2.792142094017098,684.6053842397837,4.97772203233507,1028.43315241887,0.1394332181490384,-0.8447678685188293,0.0421129241585731,621.271484375,-2.049571990966797,0.324092149734497,-5.497881375049474e-06,0.3257778882980346,-0.0001434350560884,-0.4661835904663569,-0.0022211890913902,97.4190567236867,0.0957110030061235,20.0,-2.1298107802335395,563.6828759632749,26.61362799144312,0.5794849560137106,0.2322492324946167,-31.502535702788776,117.85132781432836,0.0,0.0,1.0,0.0,0.0,0.0,0.0,0.0,0.0,0.0,0.0,0.0,0.0,0.0,0,0,0.0,0.0,0.2217061374545896,0.0321763712544355,4.528960821414647,4.133144321389182,0,0.0311070163455054,0.0
cell_00084,0.0159085765480995,1540.7237126277043,-3.222971963474893,18.707219930795524,0.0329161906446147,0.5247156620025635,0.0018118768930435,160.09454345703125,-0.099122330546379,2275.061222956731,3.293678635817307,737.0289817956777,6.684118289132405,1034.0934917743389,0.1503980535523495,-0.8097924590110779,0.0426948219537735,507.4991149902344,-3.054628372192383,0.4117177724838257,-3.410083445487544e-05,0.4086621105670929,-0.0002149237843696,-0.4913261892808907,-0.0008854569399255,72.64434551660472,0.0297579409725786,20.0,-2.400226684672621,328.749260026169,20.37261061516111,-0.6265452843676284,-0.2996753769158035,27.92902407846771,-9.09043611507357,0.0,0.0,1.0,0.0,0.0,0.0,0.0,0.0,0.0,0.0,0.0,0.0,0.0,0.0,0,0,0.0,0.0,0.2368788253942011,0.0322344996260729,0.678950889850276,4.872546064484528,0,0.0056225445378878,0.0
cell_00129,0.0023201406002044,1644.4334810697114,-2.3490099993322637,18.24683636885423,0.0339773553049463,0.4838749170303345,0.001551711349748,159.69265747070312,-0.1008219942450523,2321.5202918419477,2.792142094017098,684.6053842397837,4.97772203233507,1028.43315241887,0.1394332181490384,-0.8197208642959595,0.0435210466384887,621.271484375,-2.049571990966797,0.324092149734497,-5.497881375049474e-06,0.3257778882980346,-0.0001434350560884,-0.4696117798636949,-0.0026506275702486,58.09088065250484,0.0952653044102904,20.0,-1.4364620222755928,368.5856655811114,18.81006172720973,0.4678834204767036,0.3001480165154297,-54.94497335840903,-63.00913475108941,0.0217818900168058,0.0033434321400935,0.978218105460697,-0.0033434321400935,0.0,0.0,0.0,0.0,0.0,0.0,0.0,0.0,0.0,0.0,0,0,0.0,0.0,0.2297209483928592,0.0349062788922304,3.681057398543225,3.3292992578845206,0,0.0410609313525725,0.0
cell_00145,0.0127079132944345,1644.4334810697114,-2.3490099993322637,18.24683636885423,0.0339773553049463,0.4838749170303345,0.001551711349748,159.69265747070312,-0.1008219942450523,2321.5202918419477,2.792142094017098,684.6053842397837,4.97772203233507,1028.43315241887,0.1394332181490384,-0.8238568280677312,0.0424608282576271,621.271484375,-2.049571990966797,0.324092149734497,-5.497881375049474e-06,0.3257778882980346,-0.0001434350560884,-0.4238872658423147,-0.0026302607852104,109.1505364403192,0.034808473269056,20.0,-2.4382181626060904,362.4103954284551,22.759826229920755,-0.4301997877638973,-0.8243534575510229,-19.63684836577156,13.285559087224527,0.0026951909198758,0.0003844212161097,0.9973048090535732,-0.0003844212161097,0.0,0.0,0.0,0.0,0.0,0.0,0.0,0.0,0.0,0.0,0,0,0.7901531765837341,-0.0035547346775089,0.2699702072691667,0.0394013543778753,0.934942105593742,1.5460657804551914,1,0.0326570648305948,0.0
cell_00199,0.010761666111648,1580.3051100510818,-2.1920512820512825,18.517726604755108,0.0338710152389656,0.5069360136985779,0.0015993019333109,160.7229461669922,-0.0990033075213432,2351.446124737079,3.580784046140493,773.7288982317998,5.933856447986051,952.6389747032752,0.0521840569911864,-0.8006670475006104,0.0428187288343906,644.3995971679688,-1.807969570159912,0.330917626619339,5.742576377087971e-06,0.3327181935310364,-0.0001597363880136,-0.4773746056140515,-0.0010906783898917,132.50139978688068,0.0269757675930542,20.0,-2.555581861360388,401.6318176044711,22.29475787667721,0.1117276923521435,0.5218289036929203,51.80238852159258,79.78496177807035,0.0,0.0,1.0,0.0,0.0,0.0,0.0,0.0,0.0,0.0,0.0,0.0,0.0,0.0,0,0,0.0,0.0,0.2516310196084254,0.0321897396875265,0.8878938819709774,2.225433293380417,0,0.0214700974704463,0.0
cell_00211,0.0157465692609548,1580.3051100510818,-2.1920512820512825,18.517726604755108,0.0338710152389656,0.5069360136985779,0.0015993019333109,160.7229461669922,-0.0990033075213432,2351.446124737079,3.580784046140493,773.7288982317998,5.933856447986051,952.6389747032752,0.0521840569911864,-0.7905300855636597,0.0435277037322521,644.3995971679688,-1.807969570159912,0.330917626619339,5.742576377087971e-06,0.3327181935310364,-0.0001597363880136,-0.4857725170062812,-0.0034129120293555,123.23143889115596,0.0175609781242879,20.0,-2.48890136794422,434.7717501778636,18.71064694334604,-0.0315470833721956,0.2209956721820857,43.93989640909736,55.9072467305459,0.0,0.0,1.0,0.0,0.0,0.0,0.0,0.0,0.0,0.0,0.0,0.0,0.0,0.0,0,0,0.0,0.0,0.2396932797523187,0.0349380356175608,2.135287021298515,1.6677654171149998,4,0.0684250520200235,0.0
cell_00252,0.0319316983222961,1470.5969895582932,-2.8154405381944443,19.122659022991478,0.0338304392496745,0.5566781759262085,0.0017379720229655,161.04705810546875,-0.093585081398487,1932.8931743915264,3.0008554103231813,479.5306419225839,5.135467279548319,931.1397423377404,0.079508338341347,-0.8657658696174622,0.0409794673323631,550.4421997070312,-2.594874382019043,0.3865394592285156,-1.5111682841961738e-05,0.3869366347789764,-0.0001955960615305,-0.4505538522874645,-0.0030767031802111,33.189700606383205,0.0944000112585881,20.0,-1.6977901716704082,273.08160719059924,15.996509659283031,0.4803545489617666,0.3413390169500672,-36.26052760471305,-75.06760445422925,0.0685958737370136,-0.0053036958750492,0.9314041278941138,0.0053036958750492,0.0,0.0,0.0,0.0,0.0,0.0,0.0,0.0,0.0,0.0,0,0,0.0,0.0,0.2648525215076136,0.0336969695841655,1.2388107590287816,5.180127788534527,0,0.0074667278908396,0.0
cell_00253,0.0165590792894363,1470.5969895582932,-2.8154405381944443,19.122659022991478,0.0338304392496745,0.5566781759262085,0.0017379720229655,161.04705810546875,-0.093585081398487,1932.8931743915264,3.0008554103231813,479.5306419225839,5.135467279548319,931.1397423377404,0.079508338341347,-0.8235199078157242,0.0421730583779674,550.4421997070312,-2.594874382019043,0.3865394592285156,-1.5111682841961738e-05,0.3869366347789764,-0.0001955960615305,-0.4427682320738607,-0.0013406752794035,14.623950878238464,0.1263751125978433,20.0,-0.0083525332169768,229.43037732966687,7.182993683984124,0.5421183192849058,0.1854460813630956,-32.251710387314255,-108.1612545670836,0.6578557472387699,-0.0017690671131555,0.3188750036907812,0.0016855033258568,0.0,0.0,0.0,0.0,0.0,0.0,0.0,0.0,0.0232692503895144,8.35637872986862e-05,0,0,6.622121691644032,0.0196871344254901,0.292371497368868,0.0362677523396508,0.8469545329813242,4.6823344175008,0,0.0094037475238867,0.0
cell_00263,-0.0075797531753778,1580.3051100510818,-2.1920512820512825,18.517726604755108,0.0338710152389656,0.5069360136985779,0.0015993019333109,160.7229461669922,-0.0990033075213432,2351.446124737079,3.580784046140493,773.7288982317998,5.933856447986051,952.6389747032752,0.0521840569911864,-0.7905300855636597,0.0435277037322521,644.3995971679688,-1.807969570159912,0.330917626619339,5.742576377087971e-06,0.3327181935310364,-0.0001597363880136,-0.435395925738522,-0.0038284122270251,104.62368379031533,0.0179789861720655,20.0,-2.465616401816817,346.3926776192718,20.356714961048823,-0.271883854192516,0.5282134036987742,7.757395605414746,21.010338075861338,0.0055655459747097,0.0011006379305603,0.9944344525373264,-0.0011006379305603,0.0,0.0,0.0,0.0,0.0,0.0,0.0,0.0,0.0,0.0,0,0,0.0,0.0,0.2477041648437811,0.0348231783124639,0.5869059733559865,0.574084066110556,1,0.0499846996430928,0.0
cell_00264,0.0017815326573327,1580.3051100510818,-2.1920512820512825,18.517726604755108,0.0338710152389656,0.5069360136985779,0.0015993019333109,160.7229461669922,-0.0990033075213432,2351.446124737079,3.580784046140493,773.7288982317998,5.933856447986051,952.6389747032752,0.0521840569911864,-0.7905300855636597,0.0435277037322521,644.3995971679688,-1.807969570159912,0.330917626619339,5.742576377087971e-06,0.3327181935310364,-0.0001597363880136,-0.4204565467866329,-0.0052245930793613,35.69607804550673,0.1236698362380756,20.0,-1.8677390387702344,341.4389210509572,21.8051045150617,-0.0977939261682094,0.265142385661286,-5.203948039946521,11.3539550998129,0.0333657951081945,0.0039074276666086,0.9666342022021738,-0.0039074276666086,0.0,0.0,0.0,0.0,0.0,0.0,0.0,0.0,0.0,0.0,0,0,0.0,0.0,0.2495833218767458,0.0336918012869619,1.048680051093086,0.9592206246359468,1,0.0557693795834368,0.0
cell_00269,0.0165135152637958,1580.3051100510818,-2.1920512820512825,18.517726604755108,0.0338710152389656,0.5069360136985779,0.0015993019333109,160.7229461669922,-0.0990033075213432,2351.446124737079,3.580784046140493,773.7288982317998,5.933856447986051,952.6389747032752,0.0521840569911864,-0.7905300855636597,0.0435277037322521,644.3995971679688,-1.807969570159912,0.330917626619339,5.742576377087971e-06,0.3327181935310364,-0.0001597363880136,-0.4754021604455909,0.0017901162167749,96.58549853429354,0.0157536651847666,20.0,-2.656455650531781,373.30407124681926,22.569056825310213,-0.4817046753281574,0.0571677812491625,17.02163307033242,21.830684440447666,0.0,0.0,1.0,0.0,0.0,0.0,0.0,0.0,0.0,0.0,0.0,0.0,0.0,0.0,0,0,0.0,0.0,0.2744347982015548,0.0476050675005388,1.5007634607052207,1.0582615647120197,4,0.0764048469015811,0.0
cell_00274,0.0244426727294921,1580.3051100510818,-2.1920512820512825,18.517726604755108,0.0338710152389656,0.5069360136985779,0.0015993019333109,160.7229461669922,-0.0990033075213432,2351.446124737079,3.580784046140493,773.7288982317998,5.933856447986051,952.6389747032752,0.0521840569911864,-0.7461627721786499,0.0485655590891838,644.3995971679688,-1.807969570159912,0.330917626619339,5.742576377087971e-06,0.3327181935310364,-0.0001597363880136,-0.4484050114274469,0.0014360094535558,142.70119947710572,0.0146043229590966,20.0,-2.862911013407245,391.678847523141,25.171321123255623,-0.3546517972827563,-0.1844594181615831,66.05755594190802,24.30926549151632,0.0,0.0,1.0,0.0,0.0,0.0,0.0,0.0,0.0,0.0,0.0,0.0,0.0,0.0,0,0,0.0,0.0,0.2792130842156701,0.038006454449703,1.797809230887061,1.7494941793529186,4,0.0622985559518133,0.0
cell_00278,0.0040510389953851,1580.3051100510818,-2.1920512820512825,18.517726604755108,0.0338710152389656,0.5069360136985779,0.0015993019333109,160.7229461669922,-0.0990033075213432,2351.446124737079,3.580784046140493,773.7288982317998,5.933856447986051,952.6389747032752,0.0521840569911864,-0.7461627721786499,0.0485655590891838,644.3995971679688,-1.807969570159912,0.330917626619339,5.742576377087971e-06,0.3327181935310364,-0.0001597363880136,-0.4170734169010816,0.0006975482486957,17.92863530077654,0.6972727712800504,16.721450835930856,0.1832082133416109,247.91981024088736,9.519853940272483,0.4345304436673433,-0.0641181423096843,-24.10281213691532,-116.30246736240576,0.3722515947454124,-0.004209368544399,0.5766828937616961,-0.0002854452488413,0.0,0.0,0.0004989541715492,0.0001064435487036,0.0,0.0,0.0,0.0,0.0505665579145856,0.0043883702350977,0,0,5.328959310111482,0.0289328077798301,0.3772445486373498,0.072204207588775,0.6862943146528753,3.6861378794542334,0,0.0337165980092347,0.0
cell_00279,0.0180787909775972,1589.4137254674968,-2.565775617550775,17.92988177994731,0.0333771527306476,0.4920566612137387,0.0015442742087007,160.33002429956773,-0.1042352475614742,1935.808805596021,2.526855035641268,401.5029489586492,2.5916579951814533,978.6545252950204,-0.0497238867290764,-0.7461627721786499,0.0485655590891838,616.1889669614718,-2.073829187492725,0.3959868101290147,3.0717719933159086e-05,0.3837863191226641,-0.0001950371875212,-0.4523593850004539,-0.0005852811956491,15.431225850652735,0.3896609852445142,18.61777150916784,-0.1845077860375342,249.40970131239595,10.18998804171889,-0.495729463851166,0.2369535366354354,-31.1236227814334,-117.578688057925,0.2861236279357498,0.000968780394084,0.7138763705159384,-0.000968780394084,0.0,0.0,0.0,0.0,0.0,0.0,0.0,0.0,0.0,0.0,0,0,5.850772933975241,-0.0281732941611857,0.3430338513379377,0.0631543879583812,0.5722554290076066,4.179633131273218,0,0.0270627445174073,0.0
cell_00305,0.017492651939392,1580.3051100510818,-2.1920512820512825,18.517726604755108,0.0338710152389656,0.5069360136985779,0.0015993019333109,160.7229461669922,-0.0990033075213432,2351.446124737079,3.580784046140493,773.7288982317998,5.933856447986051,952.6389747032752,0.0521840569911864,-0.7461627721786499,0.0485655590891838,644.3995971679688,-1.807969570159912,0.330917626619339,5.742576377087971e-06,0.3327181935310364,-0.0001597363880136,-0.4492197149707009,0.0002543208974488,47.029928385875394,0.0664722928674308,20.0,-1.811022323370334,331.99737256295685,17.50078560108097,-0.0813158433411895,0.3251794134954403,6.122240210088491,-25.473076716308988,0.0004325360910392,2.098564830538495e-05,0.9995674637965646,-2.098564830538495e-05,0.0,0.0,0.0,0.0,0.0,0.0,0.0,0.0,0.0,0.0,0,0,0.0,0.0,0.2605583513242377,0.0348708028986752,1.8065030411675385,2.135744757022508,0,0.0566772521540194,0.0
cell_00313,-0.0002441476390231,1470.5969895582932,-2.8154405381944443,19.122659022991478,0.0338304392496745,0.5566781759262085,0.0017379720229655,161.04705810546875,-0.093585081398487,1932.8931743915264,3.0008554103231813,479.5306419225839,5.135467279548319,931.1397423377404,0.079508338341347,-0.8006670475006104,0.0428187288343906,550.4421997070312,-2.594874382019043,0.3865394592285156,-1.5111682841961738e-05,0.3869366347789764,-0.0001955960615305,-0.4055068761819186,-0.0021086651033622,41.35388895024014,0.0371790041958934,20.0,-1.5314928903312837,260.6217766136006,14.782656602857438,-0.5577900660734644,-0.7860399268314997,-25.498184448345903,-73.19576547011141,0.2770615792076548,0.0102488548976097,0.7153981147902597,-0.0114306730300322,0.0,0.0,0.0,0.0,0.0,0.0,0.0,0.0,0.0075403084858807,0.0011818181324224,0,0,6.066019881963974,0.0287857598328767,0.3709335917930842,0.0435922146402205,0.1499045012107692,4.4089849174077225,0,0.0151856713372409,0.0
cell_00324,0.0146159632131457,1580.3051100510818,-2.1920512820512825,18.517726604755108,0.0338710152389656,0.5069360136985779,0.0015993019333109,160.7229461669922,-0.0990033075213432,2351.446124737079,3.580784046140493,773.7288982317998,5.933856447986051,952.6389747032752,0.0521840569911864,-0.7905300855636597,0.0435277037322521,644.3995971679688,-1.807969570159912,0.330917626619339,5.742576377087971e-06,0.3327181935310364,-0.0001597363880136,-0.4270700695529368,-0.0013725322337881,21.01284693985146,0.3424300652845178,19.0938602681722,-0.9603304159918888,244.319622747032,17.871743672908437,-0.1235100393848008,0.3261493620059821,-23.946742739043096,-76.82221987178482,0.0746551983311401,0.0029500640224216,0.925095476766302,-0.0030032533254974,0.0,0.0,0.0,0.0,0.0,0.0,0.0,0.0,0.000249324876657,5.318930307582904e-05,0,0,5.8621045900365285,-0.0262373188155235,0.30014428031946,0.0389655844386787,0.9447824030504648,1.983682588355104,1,0.0624762337006486,0.0
cell_00331,0.0245403833687305,1580.3051100510818,-2.1920512820512825,18.517726604755108,0.0338710152389656,0.5069360136985779,0.0015993019333109,160.7229461669922,-0.0990033075213432,2351.446124737079,3.580784046140493,773.7288982317998,5.933856447986051,952.6389747032752,0.0521840569911864,-0.7461627721786499,0.0485655590891838,644.3995971679688,-1.807969570159912,0.330917626619339,5.742576377087971e-06,0.3327181935310364,-0.0001597363880136,-0.421564412732326,-0.0012244976901367,54.00639776828327,0.0650831786284967,20.0,-1.6081236285519105,269.9476078531037,14.943517497498677,-0.2364062743690328,0.3072978766471079,4.139455537699609,-82.80980390296833,0.0,0.0,1.0,0.0,0.0,0.0,0.0,0.0,0.0,0.0,0.0,0.0,0.0,0.0,0,0,0.0,0.0,0.2798403841996762,0.0399982362384094,0.4734088785202152,0.7315728726182361,4,0.0733812800269207,0.0
cell_00342,0.0077276164665818,1470.5969895582932,-2.8154405381944443,19.122659022991478,0.0338304392496745,0.5566781759262085,0.0017379720229655,161.04705810546875,-0.093585081398487,1932.8931743915264,3.0008554103231813,479.5306419225839,5.135467279548319,931.1397423377404,0.079508338341347,-0.8006670475006104,0.0428187288343906,550.4421997070312,-2.594874382019043,0.3865394592285156,-1.5111682841961738e-05,0.3869366347789764,-0.0001955960615305,-0.4468199985729331,-0.0009368763460554,148.62888938343454,0.0149108492780482,20.0,-2.840073478929066,387.034649373768,26.84397787498164,-0.5391638175305504,-0.3067776607360037,72.54481565150837,50.27474759109949,0.0,0.0,1.0,0.0,0.0,0.0,0.0,0.0,0.0,0.0,0.0,0.0,0.0,0.0,0,0,2.264264300225545,0.0137152220546194,0.326975931348565,0.0396761591460356,0.4815845257165909,4.5990573336668055,0,0.0178306340109524,0.0
cell_00343,0.0065278322435915,1470.5969895582932,-2.8154405381944443,19.122659022991478,0.0338304392496745,0.5566781759262085,0.0017379720229655,161.04705810546875,-0.093585081398487,1932.8931743915264,3.0008554103231813,479.5306419225839,5.135467279548319,931.1397423377404,0.079508338341347,-0.8006670475006104,0.0428187288343906,550.4421997070312,-2.594874382019043,0.3865394592285156,-1.5111682841961738e-05,0.3869366347789764,-0.0001955960615305,-0.4778704797708201,-0.0022997341578077,164.31526002650642,0.016982449455247,20.0,-2.804142460330244,424.4899699607963,26.019274048465103,0.4100402830971544,0.3548737057959629,99.41663502183911,94.47274231484292,0.0,0.0,1.0,0.0,0.0,0.0,0.0,0.0,0.0,0.0,0.0,0.0,0.0,0.0,0,0,0.0,0.0,0.2866951078106676,0.034379653075742,0.7851357872105545,4.152331881018108,0,0.0206289099272257,0.0
cell_00344,0.0138659020885825,1473.1972838639433,-2.800665009038804,19.10832095653497,0.0338314009789742,0.550485065359907,0.0017207070075538,161.0067047918822,-0.0942596735744064,1942.813687554161,3.014600838853244,486.5037087035735,5.154390644555902,931.6493156605248,0.0788607001092798,-0.8006670475006104,0.0428187288343906,562.1402949433149,-2.496901389154428,0.3796143047152768,-1.2515238953357668e-05,0.3801862084536307,-0.0001911313797994,-0.4624717397790038,-0.0023836025611589,45.82480449514415,0.3017612506082101,20.0,-1.5122118202046018,291.5773113201542,23.17929251517308,0.4238823144393247,0.1219054274524828,-11.073234205222333,-23.18474911549273,0.0,0.0,1.0,0.0,0.0,0.0,0.0,0.0,0.0,0.0,0.0,0.0,0.0,0.0,0,0,0.0,0.0,0.2801173177239128,0.0359605713328422,1.056650649547239,3.719192350750943,0,0.0236052106704712,0.0
cell_00375,0.0102118654176592,1726.3722768930288,-6.983685563568376,17.672874524043156,0.0259979528443426,0.4934344589710235,0.0011132437502965,156.47320556640625,-0.1434814631938934,1577.843731219952,1.6700592614850427,87.82793690608098,-1.2528613359500198,940.1117764986478,-0.6306249791332786,-0.7867847681045532,0.0278420262038707,786.091064453125,-6.049042701721191,0.4309886693954468,-0.0003364883305039,0.4256453216075897,-0.0002122845762642,-0.4863134454869821,-0.0017413954601884,256.0004082825488,0.0135395183133292,20.0,-3.021788059282484,962.4660274007264,25.98973318767085,0.0714271700693957,0.2600544968646914,102.16139008387825,254.8251419035205,0.0,0.0,1.0,0.0,0.0,0.0,0.0,0.0,0.0,0.0,0.0,0.0,0.0,0.0,0,0,0.0,0.0,0.2094172582700554,0.0324335183766327,6.620248544908318,5.024703034539908,0,0.0089086594983755,0.0
cell_00378,0.005400069989264,1625.707040640024,0.3075546708066262,18.329801119290867,0.0313061614729399,0.4797219336032867,0.0010144605766981,161.93504333496094,-0.0883436352014541,4433.214120718149,5.614974876469016,2807.507056603065,5.307423001802885,953.872586763822,0.2674325587606855,-0.995402216911316,0.0123951630666852,672.1873779296875,0.4047825932502746,0.4249492585659027,-9.295112977270036e-05,0.4168974757194519,-9.29899324546568e-05,-0.4421211628853534,-0.0014735340944228,13.398557246948815,0.9661173754318624,15.272103985144977,0.5743678389767625,397.0367147409235,11.410047501272592,-0.0490477964645997,0.1923591999541672,-35.26762332461285,-118.81578884007608,0.4264582981248379,0.0068221410484538,0.49085503144052,-0.011605140792182,0.0,0.0,0.0,0.0,0.0,0.0,0.0,0.0,0.0826866720982772,0.0047829997335023,0,0,6.25420367027819,-0.0088755085604833,0.3385541764894911,0.0307325816148854,16.111005910991377,4.963753626868983,0,0.0045231204056726,0.0
cell_00400,0.0219396315515041,1580.3051100510818,-2.1920512820512825,18.517726604755108,0.0338710152389656,0.5069360136985779,0.0015993019333109,160.7229461669922,-0.0990033075213432,2351.446124737079,3.580784046140493,773.7288982317998,5.933856447986051,952.6389747032752,0.0521840569911864,-0.7905300855636597,0.0435277037322521,644.3995971679688,-1.807969570159912,0.330917626619339,5.742576377087971e-06,0.3327181935310364,-0.0001597363880136,-0.4179852016657764,0.0009658756939512,90.3947212142718,0.020002330638174,20.0,-2.094854651462865,290.89707117229455,16.17112310466465,-0.4645731387009206,0.3201840178645555,25.664881095658554,-28.51089783485435,0.0,0.0,1.0,0.0,0.0,0.0,0.0,0.0,0.0,0.0,0.0,0.0,0.0,0.0,0,0,0.0,0.0,0.3201056997920042,0.0401219456436246,0.7117331708946005,2.301492916563216,0,0.0666926772056161,0.0
cell_00429,0.0274079386144876,1625.707040640024,0.3075546708066262,18.329801119290867,0.0313061614729399,0.4797219336032867,0.0010144605766981,161.93504333496094,-0.0883436352014541,4433.214120718149,5.614974876469016,2807.507056603065,5.307423001802885,953.872586763822,0.2674325587606855,-1.0130872876854202,0.0150240682184192,672.1873779296875,0.4047825932502746,0.4249492585659027,-9.295112977270036e-05,0.4168974757194519,-9.29899324546568e-05,-0.4593135465920222,-0.0025796576506143,44.168255051350975,0.118932669143274,20.0,-1.764895215651776,458.1165234734577,18.992649648636903,-0.263049274178167,-0.5450135895800209,-5.497586635593882,-30.864213396842093,0.0021149518905239,0.0001463446815147,0.9978850480366048,-0.0001463446815147,0.0,0.0,0.0,0.0,0.0,0.0,0.0,0.0,0.0,0.0,0,0,0.0,0.0,0.2504829138709231,0.0352592110035244,17.134748064557268,4.39276150665583,0,0.0060661351573692,0.0
cell_00442,0.0125361792743206,1477.701798093951,-2.7750692212109063,19.08348298944649,0.0338330669916664,0.5484966682324077,0.0017151637984211,160.9937487156162,-0.0944762621740239,1959.9990856119769,3.0384121736996583,498.5832177320372,5.187171767358458,932.5320543100412,0.0777387903215986,-0.8040530943658479,0.0425960933493765,565.8961553814617,-2.465445593960891,0.3773908731788628,-1.1681609145760563e-05,0.3780188761944993,-0.0001896979223737,-0.4613435439320296,-0.0013252345314101,80.8038494234517,0.0560004305048197,20.0,-2.05461528370818,325.8851518889157,19.757459971535592,-0.2277326991498368,-0.1277157202884754,-8.532177228838746,15.35547198320064,0.0,0.0,1.0,0.0,0.0,0.0,0.0,0.0,0.0,0.0,0.0,0.0,0.0,0.0,0,0,0.0,0.0,0.2703663020860674,0.0342088961333796,1.83756821380738,4.1428606651945685,0,0.0318120558533258,0.0
cell_00448,0.0050492784939706,1580.3051100510818,-2.1920512820512825,18.517726604755108,0.0338710152389656,0.5069360136985779,0.0015993019333109,160.7229461669922,-0.0990033075213432,2351.446124737079,3.580784046140493,773.7288982317998,5.933856447986051,952.6389747032752,0.0521840569911864,-0.7944704794261183,0.0432363444622461,644.3995971679688,-1.807969570159912,0.330917626619339,5.742576377087971e-06,0.3327181935310364,-0.0001597363880136,-0.0499918016294683,-0.0014631622042798,16.334385826525423,1.7848706689468683,14.368383909668315,0.897265065263171,227.2510739432144,13.073977390470064,-0.2769845338410783,-0.0180123259998915,-31.43351686339019,-67.61752015555,0.0,0.0,0.7257959498308668,0.0001565796452825,0.0,0.0,0.0,0.0,0.2742040501907231,-0.0001565796452825,0.0,0.0,0.0,0.0,0,0,0.0,0.0,0.2973714397240738,0.0366533013619322,1.117917684248492,2.9664697209520416,0,0.0478398704134783,0.0
cell_00466,0.0246594864875078,1591.7720618614785,-2.6625376018295945,17.777681277348446,0.0332492854452541,0.4871656596660614,0.0015261860098689,160.20086669921875,-0.1059550419449806,1828.195016714243,2.253979408720619,305.1289159334623,1.7263203025883067,985.3902822641226,-0.0761091496394217,-0.747388900840414,0.0485737249780905,606.9158325195312,-2.161220073699951,0.4173757433891296,3.8927315472392365e-05,0.4005729556083679,-0.000206640936085,-0.441292842483448,-0.0013433822991065,30.78566103038095,0.7724413404271698,17.02794242167655,-0.4631910917787878,291.445018731348,19.556552529408453,-0.314886536016522,-0.5618603747067835,-44.17293522322951,-120.60737672711448,0.2082852635832315,0.0039866212718482,0.7917147362510948,-0.0039866212718482,0.0,0.0,0.0,0.0,0.0,0.0,0.0,0.0,0.0,0.0,0,0,0.0,0.1455150278492113,0.2972818567028353,0.0384266812606418,0.1170624032475458,4.994580007075278,0,0.0177811652418982,0.0
cell_00471,0.0109811900183558,1726.3722768930288,-6.983685563568376,17.672874524043156,0.0259979528443426,0.4934344589710235,0.0011132437502965,156.47320556640625,-0.1434814631938934,1577.843731219952,1.6700592614850427,87.82793690608098,-1.2528613359500198,940.1117764986478,-0.6306249791332786,-0.7867847681045532,0.0278420262038707,786.091064453125,-6.049042701721191,0.4309886693954468,-0.0003364883305039,0.4256453216075897,-0.0002122845762642,-0.4836051175304784,-0.0031078883147498,237.51333928947645,0.0315084209217435,20.0,-2.210957309280544,715.8361040929764,19.3554876199556,-0.7610448185834698,0.0267742374536448,37.3835905559799,97.90702530417708,0.0005466047433939,6.186755809616704e-05,0.9994533951006012,-6.186755809616704e-05,0.0,0.0,0.0,0.0,0.0,0.0,0.0,0.0,0.0,0.0,0,0,0.0,0.0,0.2067075506013822,0.0298226708408316,5.734887928828264,4.244340556747286,0,0.0138607963235099,0.0
cell_00472,0.0273124501109123,1726.3722768930288,-6.983685563568376,17.672874524043156,0.0259979528443426,0.4934344589710235,0.0011132437502965,156.47320556640625,-0.1434814631938934,1577.843731219952,1.6700592614850427,87.82793690608098,-1.2528613359500198,940.1117764986478,-0.6306249791332786,-0.7867847681045532,0.0278420262038707,786.091064453125,-6.049042701721191,0.4309886693954468,-0.0003364883305039,0.4256453216075897,-0.0002122845762642,-0.4354628942465096,-0.0023943812171773,195.8063935958976,0.0176746407858561,20.0,-2.07089548816324,795.9627887569703,13.84908304374973,-0.1950207789958343,-0.540427838845955,67.95437700536507,154.5694251267399,0.0106248367518865,0.0011708804248703,0.9893751632195223,-0.0011708804248703,0.0,0.0,0.0,0.0,0.0,0.0,0.0,0.0,0.0,0.0,0,0,0.0,0.0,0.2114375240743771,0.028218969967455,6.078736096582894,4.084755134444883,0,0.0148368978695411,0.0
cell_00492,0.0237139649689197,1625.707040640024,0.3075546708066262,18.329801119290867,0.0313061614729399,0.4797219336032867,0.0010144605766981,161.93504333496094,-0.0883436352014541,4433.214120718149,5.614974876469016,2807.507056603065,5.307423001802885,953.872586763822,0.2674325587606855,-1.029045581817627,0.0173962861299514,672.1873779296875,0.4047825932502746,0.4249492585659027,-9.295112977270036e-05,0.4168974757194519,-9.29899324546568e-05,-0.4523696906301289,-0.0049641886268526,99.15232576774892,0.0313717908563323,20.0,-1.9043633778789344,522.327076375827,14.71365574690152,0.6471633496221896,0.1233480972352024,-1.3922604000843493,15.583725351191296,0.0,0.0,1.0,0.0,0.0,0.0,0.0,0.0,0.0,0.0,0.0,0.0,0.0,0.0,0,0,0.0,0.0,0.217895742555783,0.0288852990572978,20.65644969469404,5.333686493429559,0,0.003641103685347,0.0
cell_00502,0.0079646902158856,1580.3051100510818,-2.1920512820512825,18.517726604755108,0.0338710152389656,0.5069360136985779,0.0015993019333109,160.7229461669922,-0.0990033075213432,2351.446124737079,3.580784046140493,773.7288982317998,5.933856447986051,952.6389747032752,0.0521840569911864,-0.8225098252296448,0.041382547467947,644.3995971679688,-1.807969570159912,0.330917626619339,5.742576377087971e-06,0.3327181935310364,-0.0001597363880136,-0.4479717048093867,0.0003346506921924,73.82319951377482,0.0222764220453248,20.0,-2.0288941469514614,355.4918224745129,18.740409512606256,-0.3137317933618572,0.3059351388994071,21.432123189880738,58.60325080950551,0.0017681666064015,0.0003145234725753,0.9982318329685772,-0.0003145234725753,0.0,0.0,0.0,0.0,0.0,0.0,0.0,0.0,0.0,0.0,0,0,0.0,0.0,0.2822801748314973,0.0350294323711551,2.195037457908263,3.709897598294019,0,0.0403736145099872,0.0
cell_00510,0.0073280548676848,1580.3051100510818,-2.1920512820512825,18.517726604755108,0.0338710152389656,0.5069360136985779,0.0015993019333109,160.7229461669922,-0.0990033075213432,2351.446124737079,3.580784046140493,773.7288982317998,5.933856447986051,952.6389747032752,0.0521840569911864,-0.7588761501034224,0.0448125306452194,644.3995971679688,-1.807969570159912,0.330917626619339,5.742576377087971e-06,0.3327181935310364,-0.0001597363880136,-0.40544831892856,-0.0019393798303681,14.531624955173674,0.3104630257895149,18.18156148524637,-0.3620832615130157,205.1910753549141,6.834020818786276,0.5855689299917821,0.2012025445829075,-18.11619499326384,-86.5280011344155,0.6528753404683232,0.0050562321295014,0.3471246609251867,-0.0050562321295014,0.0,0.0,0.0,0.0,0.0,0.0,0.0,0.0,0.0,0.0,0,0,6.376285031895984,0.0145271983795721,0.4523025093697995,0.0498298533969698,0.2319308352359766,3.706097078722594,0,0.0548915285059582,0.0
cell_00517,0.0109817432239651,1580.3051100510818,-2.1920512820512825,18.517726604755108,0.0338710152389656,0.5069360136985779,0.0015993019333109,160.7229461669922,-0.0990033075213432,2351.446124737079,3.580784046140493,773.7288982317998,5.933856447986051,952.6389747032752,0.0521840569911864,-0.8175684217697071,0.0458967248652992,644.3995971679688,-1.807969570159912,0.330917626619339,5.742576377087971e-06,0.3327181935310364,-0.0001597363880136,-0.430468774363418,-0.0021477349958899,35.25213626077419,0.1181843769589933,20.0,-1.4422196281820452,298.88156506931995,18.02485224479062,-0.1275265420362795,-0.6113156571721103,5.2448910539548335,-52.22198542923367,0.0068547785987115,0.0008098332045994,0.9931452215220042,-0.0008098332045994,0.0,0.0,0.0,0.0,0.0,0.0,0.0,0.0,0.0,0.0,0,0,0.0,0.0,0.3277578969179695,0.042500644767088,0.450805440796641,2.4517380405399822,0,0.0549915447215767,0.0
cell_00533,0.0204942971467971,1726.3722768930288,-6.983685563568376,17.672874524043156,0.0259979528443426,0.4934344589710235,0.0011132437502965,156.47320556640625,-0.1434814631938934,1577.843731219952,1.6700592614850427,87.82793690608098,-1.2528613359500198,940.1117764986478,-0.6306249791332786,-0.7867847681045532,0.0278420262038707,786.091064453125,-6.049042701721191,0.4309886693954468,-0.0003364883305039,0.4256453216075897,-0.0002122845762642,-0.4762850336234245,-0.0022010937349046,139.9034287174571,0.0289891304482934,20.0,-2.615585722884743,828.2654143618433,23.297707850241284,0.1582884007830562,-0.3108405352952987,44.499920242601775,183.67507452358268,0.0011173179213879,0.0002262223835016,0.998882682078612,-0.0002262223835016,0.0,0.0,0.0,0.0,0.0,0.0,0.0,0.0,0.0,0.0,0,0,0.0,0.0,0.2089860852160108,0.0294418507534726,6.363431371808136,3.488038088965691,0,0.019260580244517,0.0
cell_00551,0.0115563236176967,1625.707040640024,0.3075546708066262,18.329801119290867,0.0313061614729399,0.4797219336032867,0.0010144605766981,161.93504333496094,-0.0883436352014541,4433.214120718149,5.614974876469016,2807.507056603065,5.307423001802885,953.872586763822,0.2674325587606855,-1.029045581817627,0.0173962861299514,672.1873779296875,0.4047825932502746,0.4249492585659027,-9.295112977270036e-05,0.4168974757194519,-9.29899324546568e-05,-0.4722924327268053,-0.0024720063369815,163.9839431702041,0.0245669313768863,20.0,-2.6960165100515923,605.056475942118,23.924715220166263,-0.2753904804921604,0.1364148244629827,60.29194504560765,139.49016789182352,0.0,0.0,1.0,0.0,0.0,0.0,0.0,0.0,0.0,0.0,0.0,0.0,0.0,0.0,0,0,0.0,0.0,0.2389366913738916,0.0247142006852067,17.729151065074742,3.4517746457035035,0,0.0091363935776887,0.0
cell_00574,0.0020493385381996,1580.3051100510818,-2.1920512820512825,18.517726604755108,0.0338710152389656,0.5069360136985779,0.0015993019333109,160.7229461669922,-0.0990033075213432,2351.446124737079,3.580784046140493,773.7288982317998,5.933856447986051,952.6389747032752,0.0521840569911864,-0.7580130696296692,0.0448475629091262,644.3995971679688,-1.807969570159912,0.330917626619339,5.742576377087971e-06,0.3327181935310364,-0.0001597363880136,0.2655046357496855,0.0004419077874677,12.795135659732267,1.1379011270359074,16.72506357728172,1.816302446395319,214.2637271743972,6.504440319037525,0.138189925092969,-0.2208937030052964,-26.11394349108581,-63.28644833021766,0.0136285552500791,0.0005120831287509,0.3204692611822442,-0.0002303042828056,0.0,0.0,0.0,0.0,0.6515218700991035,0.0001087178250212,0.0,0.0,0.0143803134495166,-0.0003904966588783,0,0,0.0,0.0,0.5522731723051685,0.064740381118284,0.463471170529559,3.976787020943102,0,0.0523628490621093,0.0
cell_00585,0.0029241228476166,1580.3051100510818,-2.1920512820512825,18.517726604755108,0.0338710152389656,0.5069360136985779,0.0015993019333109,160.7229461669922,-0.0990033075213432,2351.446124737079,3.580784046140493,773.7288982317998,5.933856447986051,952.6389747032752,0.0521840569911864,-0.8320567011833191,0.0453552156686782,644.3995971679688,-1.807969570159912,0.330917626619339,5.742576377087971e-06,0.3327181935310364,-0.0001597363880136,-0.3990969676668054,-0.002586742300291,145.91202682900985,0.0377502559829686,20.0,-2.656470837390939,389.5133708879592,27.256982125236824,0.1361080847300292,-0.5255786001771356,5.299401007723388,8.620246229329624,0.0010402677397981,0.0001031062155482,0.9989597322518172,-0.0001031062155482,0.0,0.0,0.0,0.0,0.0,0.0,0.0,0.0,0.0,0.0,0,0,0.0,0.0,0.4880430203649825,0.0786650906972236,0.3449005715414064,3.300517512251621,0,0.0408073005597995,0.0
cell_00586,-0.0288981702178716,1580.3051100510818,-2.1920512820512825,18.517726604755108,0.0338710152389656,0.5069360136985779,0.0015993019333109,160.7229461669922,-0.0990033075213432,2351.446124737079,3.580784046140493,773.7288982317998,5.933856447986051,952.6389747032752,0.0521840569911864,-0.8320567011833191,0.0453552156686782,644.3995971679688,-1.807969570159912,0.330917626619339,5.742576377087971e-06,0.3327181935310364,-0.0001597363880136,-0.4085529713658477,0.001173078991464,39.23076889119915,0.197738936733659,20.0,-1.5955392814438767,327.8498265763762,22.31021735080806,0.0489841216776626,-0.5226409574875974,-58.610621372068,-59.34075266703221,0.0602188987020863,0.008169467225431,0.9346262803015934,-0.0090754247394008,0.0,0.0,0.0,0.0,0.0,0.0,0.0,0.0,0.0051548206168289,0.0009059575139697,0,0,0.0,0.0,0.6485792602216128,0.1198755905033259,0.4278086164628185,3.574232294405196,0,0.036244155010683,0.0
cell_00609,0.017735606059432,1644.754408616286,0.5164840828659182,18.334775777963493,0.0319140977125902,0.4625459015369415,0.0010127117857336,162.0424041748047,-0.0928682908415794,2221.8606379582334,2.1967154530582262,591.9038416055532,2.520719634488098,1051.8505483774038,0.1858697666266025,-0.9856415390968324,0.0069333305582404,593.8101196289062,0.5470867156982422,0.4115610122680664,-0.0002149150677723,0.3961358070373535,-0.0001385926298098,-0.4992466644737918,-0.0022276550749297,60.19142386329955,0.1004157113710603,20.0,-1.8253608471665,537.5820695122887,19.045147068107035,0.1336517653815208,0.488689783013114,-22.816809387295866,-32.5369738858679,0.0,0.0,1.0,0.0,0.0,0.0,0.0,0.0,0.0,0.0,0.0,0.0,0.0,0.0,0,0,0.0,0.0,0.2184954708760189,0.0300866273351584,9.445738923586912,4.928954213713826,0,0.0049537433049955,0.0
cell_00610,0.0288563892245292,1644.754408616286,0.5164840828659182,18.334775777963493,0.0319140977125902,0.4625459015369415,0.0010127117857336,162.0424041748047,-0.0928682908415794,2221.8606379582334,2.1967154530582262,591.9038416055532,2.520719634488098,1051.8505483774038,0.1858697666266025,-0.9856415390968324,0.0069333305582404,593.8101196289062,0.5470867156982422,0.4115610122680664,-0.0002149150677723,0.3961358070373535,-0.0001385926298098,-0.4758414742218322,-0.0031105100156872,54.82431270035791,0.0688930341365213,20.0,-1.4920899937368892,499.1956705196394,15.520797181453815,0.5535669319491769,0.0907642668345876,-9.156628648866334,-65.71321612343704,0.0,0.0,1.0,0.0,0.0,0.0,0.0,0.0,0.0,0.0,0.0,0.0,0.0,0.0,0,0,0.0,0.0,0.2149448224783417,0.0297790992455454,9.931110879277483,5.116600431754719,0,0.0046888449597637,0.0
cell_00619,-0.0205592755228281,1625.707040640024,0.3075546708066262,18.329801119290867,0.0313061614729399,0.4797219336032867,0.0010144605766981,161.93504333496094,-0.0883436352014541,4433.214120718149,5.614974876469016,2807.507056603065,5.307423001802885,953.872586763822,0.2674325587606855,-0.995402216911316,0.0123951630666852,672.1873779296875,0.4047825932502746,0.4249492585659027,-9.295112977270036e-05,0.4168974757194519,-9.29899324546568e-05,-0.4369862087848879,0.0024526155202662,14.265864285259646,0.2146072656707977,20.0,-0.420415186828581,400.1696629500818,11.675106152439405,-0.3087679832851427,-0.0459048078383895,-62.709919887161085,-66.76923758155407,0.1696113139079806,0.0070341766474131,0.7780514306285147,-0.0136928479572482,0.0,0.0,0.0,0.0,0.0,0.0,0.0,0.0,0.052337258902139,0.006658671273939,0,0,4.821761969851753,0.1010683145028008,0.3895577730054683,0.0468413463014981,16.313167186045995,3.012954931805367,0,0.010766755489929,0.0
cell_00622,0.0139164431020617,1625.707040640024,0.3075546708066262,18.329801119290867,0.0313061614729399,0.4797219336032867,0.0010144605766981,161.93504333496094,-0.0883436352014541,4433.214120718149,5.614974876469016,2807.507056603065,5.307423001802885,953.872586763822,0.2674325587606855,-1.029045581817627,0.0173962861299514,672.1873779296875,0.4047825932502746,0.4249492585659027,-9.295112977270036e-05,0.4168974757194519,-9.29899324546568e-05,-0.4895453462981974,0.0002428001535193,148.3426337425941,0.0180810536888175,20.0,-2.892064637092708,553.629482529628,24.28412438378583,-0.2767613156869702,0.3037321674426311,36.27591378091413,97.73740749780822,0.0,0.0,1.0,0.0,0.0,0.0,0.0,0.0,0.0,0.0,0.0,0.0,0.0,0.0,0,0,0.0,0.0,0.2565260455468403,0.0201428134367081,17.79578626155853,2.9621799477631967,0,0.010879907222782,0.0
cell_00625,0.0183633975684642,1625.707040640024,0.3075546708066262,18.329801119290867,0.0313061614729399,0.4797219336032867,0.0010144605766981,161.93504333496094,-0.0883436352014541,4433.214120718149,5.614974876469016,2807.507056603065,5.307423001802885,953.872586763822,0.2674325587606855,-1.029045581817627,0.0173962861299514,672.1873779296875,0.4047825932502746,0.4249492585659027,-9.295112977270036e-05,0.4168974757194519,-9.29899324546568e-05,-0.4495930606423388,-0.0011564200343969,37.00635668532456,0.0895873870306469,20.0,-1.631926996353101,458.03985137136726,16.362990535439884,0.6259731634730294,0.0549713352453442,-48.0793923869024,2.170805399782436,0.0,0.0,1.0,0.0,0.0,0.0,0.0,0.0,0.0,0.0,0.0,0.0,0.0,0.0,0,0,0.0,0.0,0.2180844277445887,0.0276576640732908,19.27841843050347,3.6015444832419417,0,0.0086057774168485,0.0
cell_00656,0.0150317437946796,1580.3051100510818,-2.1920512820512825,18.517726604755108,0.0338710152389656,0.5069360136985779,0.0015993019333109,160.7229461669922,-0.0990033075213432,2351.446124737079,3.580784046140493,773.7288982317998,5.933856447986051,952.6389747032752,0.0521840569911864,-0.8320567011833191,0.0453552156686782,644.3995971679688,-1.807969570159912,0.330917626619339,5.742576377087971e-06,0.3327181935310364,-0.0001597363880136,-0.3900255029166659,-0.0023650835699068,145.09250892023118,0.0405671959049407,20.0,-2.517898838424383,459.5219937995527,25.92953656781953,0.0960178656754925,-0.7279352975703193,-12.090628061386772,53.2111730527644,0.0,0.0,1.0,0.0,0.0,0.0,0.0,0.0,0.0,0.0,0.0,0.0,0.0,0.0,0,0,0.0,0.0,0.3885597428934197,0.0669247375153409,1.1101070182731363,4.275021903795163,0,0.0265986047607323,0.0
cell_00687,0.0162734277546405,1644.754408616286,0.5164840828659182,18.334775777963493,0.0319140977125902,0.4625459015369415,0.0010127117857336,162.0424041748047,-0.0928682908415794,2221.8606379582334,2.1967154530582262,591.9038416055532,2.520719634488098,1051.8505483774038,0.1858697666266025,-0.995402216911316,0.0123951630666852,593.8101196289062,0.5470867156982422,0.4115610122680664,-0.0002149150677723,0.3961358070373535,-0.0001385926298098,-0.3274340379472665,-0.0025997217231708,32.698524445849664,0.2256359467805214,19.929007525202334,-1.7223840390597702,395.5968880251616,18.438466098750443,-0.1488223705696234,0.4237869214623571,-10.618229873085946,-77.44471522202196,0.0028550860548444,0.0004439452650632,0.9787781451295732,-0.0004670246138619,0.0,0.0,0.0,0.0,0.0183667688864548,2.3079349179730856e-05,0.0,0.0,0.0,0.0,0,0,0.0,0.0,0.2279747629664789,0.0295476426617002,14.426204546801532,3.720507460483358,0,0.0087959375448384,0.0
